Gene,Coregene,Degree,Betweennesscentrality,Eigenvectorcentrality,"Reported insyndromic CHD","Reported innonsyndromic CHD","No. ofpublications","No. ofevidence items","No. of Geneticassociation evidence items","No. of SNV/Indelevidence items","No. of Expressionevidence items","No. of Linkageevidence items","No. of CNVevidence items","No. of Otherevidence items"
GATA4,Yes,237,3.79E-03,7.18E-01,Yes,Yes,68,83,8,36,7,1,16,15
NKX2-5,Yes,203,2.69E-03,6.66E-01,Yes,Yes,56,66,8,30,4,0,4,20
TBX5,Yes,171,2.72E-03,5.32E-01,Yes,Yes,49,54,0,22,9,4,5,14
TBX1,Yes,163,3.07E-03,4.91E-01,Yes,Yes,45,52,3,8,2,0,27,12
TBX20,Yes,120,8.19E-04,3.68E-01,Yes,Yes,27,31,2,13,2,0,3,11
PTPN11,Yes,132,1.59E-03,4.24E-01,Yes,Yes,28,29,2,15,0,4,2,6
GATA6,Yes,221,3.10E-03,6.90E-01,Yes,Yes,21,29,1,16,4,0,0,8
CHD7,Yes,189,4.05E-03,5.22E-01,Yes,Yes,26,28,0,19,0,0,5,4
LZTR1,No,1,0.00E+00,5.81E-05,Yes,Yes,25,27,0,5,0,0,22,0
NOTCH1,Yes,310,1.46E-02,8.51E-01,Yes,Yes,24,27,1,15,1,0,6,4
PI4KA,No,132,4.07E-03,3.26E-01,Yes,Yes,22,25,3,0,0,0,22,0
CRKL,No,51,1.54E-04,1.81E-01,Yes,Yes,22,24,1,0,0,0,22,1
MTHFR,No,16,2.26E-04,2.58E-02,No,Yes,18,24,22,1,0,0,1,0
P2RX6,No,1,0.00E+00,2.95E-03,Yes,Yes,22,23,0,1,0,0,22,0
THAP7,No,1,0.00E+00,3.56E-03,Yes,Yes,21,23,0,1,0,0,22,0
SERPIND1,No,10,9.63E-05,1.87E-02,Yes,Yes,22,23,1,0,0,0,22,0
HIRA,No,57,1.70E-04,1.75E-01,Yes,Yes,21,23,0,0,2,0,19,2
SNAP29,No,17,3.03E-04,2.58E-02,Yes,Yes,22,23,1,0,0,0,22,0
AIFM3,No,10,2.14E-03,7.92E-03,Yes,Yes,22,23,1,0,0,0,22,0
GNB1L,No,49,1.28E-03,1.30E-01,Yes,Yes,19,20,0,0,0,0,19,1
COMT,No,14,2.10E-03,2.56E-02,Yes,Yes,18,20,0,1,0,0,19,0
JAG1,Yes,238,5.54E-03,7.16E-01,Yes,Yes,19,20,0,11,0,1,3,5
PRODH,No,2,8.33E-07,1.38E-03,Yes,Yes,17,19,0,1,0,0,18,0
ARVCF,No,36,1.90E-04,1.09E-01,Yes,Yes,18,19,0,0,0,0,18,1
ZNF74,No,38,5.91E-04,1.01E-01,Yes,Yes,18,19,0,0,0,0,18,1
CLTCL1,No,62,2.02E-03,1.52E-01,Yes,Yes,17,19,0,2,0,0,17,0
GATA5,Yes,176,4.18E-03,5.53E-01,Yes,Yes,15,19,0,10,0,0,2,7
DGCR8,No,6,5.03E-06,1.48E-02,Yes,Yes,17,18,0,0,0,0,17,1
ZDHHC8,No,18,1.12E-04,5.41E-02,Yes,Yes,17,18,0,1,0,0,17,0
CDC45,No,36,1.48E-04,9.43E-02,Yes,Yes,17,18,0,1,0,0,17,0
DGCR2,No,27,1.60E-04,7.76E-02,Yes,Yes,16,18,0,1,0,0,17,0
PITX2,No,69,2.31E-04,2.28E-01,Yes,Yes,15,18,0,5,2,0,2,9
RANBP1,No,'-,'-,'-,Yes,Yes,17,18,0,1,0,0,17,0
CLDN5,No,'-,'-,'-,Yes,Yes,17,18,0,0,1,0,17,0
HIC2,No,29,1.81E-04,7.00E-02,Yes,Yes,15,16,0,0,0,0,15,1
MYH6,No,179,4.72E-03,4.62E-01,Yes,Yes,15,16,0,9,3,1,2,1
CITED2,No,'-,'-,'-,Yes,Yes,13,16,0,6,1,0,1,8
NFATC1,No,49,1.06E-04,1.79E-01,Yes,Yes,14,15,1,4,1,0,6,3
HAND1,No,45,1.16E-04,1.21E-01,Yes,Yes,11,14,0,5,2,0,2,5
NR2F2,Yes,172,2.55E-03,5.25E-01,Yes,Yes,10,14,0,6,2,0,3,3
GJA5,No,17,3.02E-05,5.90E-02,Yes,Yes,13,13,0,1,2,0,8,2
TBX2,Yes,155,1.63E-03,4.70E-01,Yes,Yes,10,13,2,1,0,0,3,7
ELN,No,'-,'-,'-,Yes,Yes,12,13,0,6,1,0,5,1
FLT4,Yes,115,1.07E-03,3.82E-01,Yes,Yes,10,12,0,3,1,0,8,0
BRAF,Yes,160,1.86E-03,4.86E-01,Yes,Yes,10,12,0,8,0,0,2,2
NOS3,No,'-,'-,'-,Yes,Yes,6,12,10,0,1,0,0,1
NKX2-6,No,59,2.27E-04,1.73E-01,Yes,Yes,9,11,0,3,1,0,2,5
HAND2,No,98,5.10E-04,3.03E-01,Yes,Yes,9,11,0,3,0,0,3,5
EHMT1,No,109,9.74E-04,3.18E-01,Yes,Yes,10,11,0,1,0,0,9,1
MEF2C,Yes,169,2.00E-03,5.48E-01,Yes,Yes,10,11,0,2,4,0,2,3
ZIC3,Yes,171,2.52E-03,5.35E-01,Yes,Yes,11,11,0,6,0,0,2,3
ISL1,Yes,201,3.63E-03,6.29E-01,Yes,Yes,8,11,4,2,0,0,2,3
VEGFA,No,'-,'-,'-,No,Yes,11,11,4,3,3,0,0,1
EVC,No,'-,'-,'-,Yes,Yes,9,11,1,5,0,1,4,0
SNORA99,No,'-,'-,'-,No,Yes,11,11,0,2,0,1,8,0
SOX7,No,83,2.95E-04,2.69E-01,No,Yes,10,10,0,0,1,1,8,0
GJA1,No,60,1.55E-03,1.61E-01,Yes,Yes,10,10,0,2,1,0,0,7
MYL2,No,139,3.93E-03,3.60E-01,Yes,Yes,9,10,0,0,5,4,1,0
MYH11,No,169,3.93E-03,4.35E-01,Yes,Yes,10,10,0,1,0,0,9,0
TTN,No,'-,'-,'-,Yes,Yes,10,10,0,6,2,0,1,1
KANSL1,No,5,1.62E-07,7.81E-03,Yes,No,8,9,0,1,0,1,6,1
ZEB2,No,42,2.93E-05,1.48E-01,Yes,Yes,8,9,0,6,0,0,3,0
TFAP2B,No,38,4.63E-05,1.32E-01,Yes,Yes,8,9,1,5,0,1,0,2
MYH7,No,139,3.60E-03,3.16E-01,Yes,Yes,9,9,0,5,2,1,1,0
ACTC1,No,186,7.63E-03,4.71E-01,No,Yes,8,9,0,3,3,1,0,2
BCL9,No,5,1.11E-06,1.42E-02,No,Yes,8,8,0,0,1,0,7,0
KCTD10,No,10,9.73E-05,2.28E-02,Yes,Yes,8,8,0,0,0,4,1,3
DNAH5,No,47,2.55E-04,1.11E-01,Yes,Yes,8,8,0,7,0,0,0,1
COL6A2,No,45,5.19E-04,1.20E-01,Yes,Yes,7,8,0,2,1,0,4,1
SMARCA4,Yes,260,7.90E-03,7.14E-01,Yes,Yes,7,8,0,2,2,0,2,2
RAF1,No,'-,'-,'-,Yes,No,7,8,0,6,0,0,0,2
EVC2,No,'-,'-,'-,Yes,Yes,8,8,0,3,1,1,3,0
GALNT11,No,1,0.00E+00,9.73E-04,Yes,Yes,6,7,0,1,0,0,4,2
CRELD1,No,1,0.00E+00,2.00E-03,Yes,Yes,6,7,0,5,0,0,1,1
ADA2,No,3,9.54E-07,4.78E-03,Yes,Yes,7,7,0,0,0,0,6,1
JAM3,No,3,1.67E-06,6.71E-03,Yes,Yes,7,7,0,0,1,0,6,0
NPPA,No,3,3.54E-06,9.12E-03,No,Yes,6,7,0,0,4,0,1,2
RCAN1,No,16,1.18E-05,5.54E-02,Yes,Yes,7,7,0,0,0,0,3,4
ETS1,Yes,106,4.05E-04,3.83E-01,Yes,Yes,6,7,0,0,0,0,6,1
NODAL,Yes,114,4.83E-04,4.28E-01,Yes,Yes,6,7,0,5,1,0,1,0
TGFB2,Yes,134,7.35E-04,4.89E-01,No,Yes,7,7,3,1,2,0,0,1
MTRR,No,24,8.43E-04,4.93E-02,No,Yes,7,7,5,0,0,1,0,1
NSD1,No,125,1.26E-03,3.79E-01,Yes,Yes,6,7,0,2,0,0,5,0
MSX1,Yes,147,1.26E-03,4.58E-01,Yes,Yes,7,7,1,1,1,1,3,0
KMT2D,Yes,160,1.57E-03,5.16E-01,Yes,Yes,7,7,0,6,0,0,0,1
ZFPM2,Yes,155,1.73E-03,4.99E-01,Yes,Yes,7,7,0,5,1,0,0,1
MAPT,No,47,2.48E-03,1.25E-01,Yes,No,6,7,0,1,0,1,5,0
MYL7,No,120,2.56E-03,3.00E-01,Yes,Yes,6,7,0,0,4,0,2,1
SOS1,Yes,149,2.73E-03,4.46E-01,Yes,Yes,7,7,0,5,0,0,0,2
NOTCH2,Yes,217,4.19E-03,6.73E-01,Yes,Yes,7,7,0,3,1,0,1,2
ANKRD1,No,146,6.74E-03,3.59E-01,No,Yes,5,7,0,2,0,0,1,4
KRAS,Yes,317,1.19E-02,8.52E-01,Yes,No,7,7,0,5,0,0,0,2
PTGDS,No,2,0.00E+00,1.26E-02,Yes,Yes,6,6,0,0,1,0,5,0
ENG,No,16,1.39E-06,7.14E-02,Yes,Yes,6,6,0,2,0,0,2,2
TCTN1,No,2,4.13E-06,3.53E-05,Yes,Yes,6,6,0,1,0,4,1,0
PUF60,No,10,2.53E-05,1.62E-02,Yes,No,4,6,0,5,0,0,1,0
TXNL4A,No,15,5.23E-05,1.87E-02,Yes,Yes,5,6,0,1,0,0,5,0
NIPBL,No,32,5.93E-05,1.04E-01,Yes,Yes,6,6,0,1,0,0,3,2
ROBO4,No,30,7.03E-05,9.89E-02,Yes,Yes,5,6,0,1,0,0,4,1
TAB2,No,33,1.01E-04,1.12E-01,Yes,Yes,6,6,0,1,0,0,5,0
MESP1,No,59,1.47E-04,1.76E-01,Yes,Yes,5,6,0,2,0,0,1,3
DNAH11,No,50,2.53E-04,1.27E-01,Yes,Yes,6,6,0,4,0,0,1,1
HEY2,No,76,3.25E-04,2.79E-01,Yes,Yes,6,6,1,0,1,0,1,3
ATXN2,No,49,4.56E-04,1.45E-01,Yes,Yes,6,6,0,1,0,4,1,0
CFC1,No,55,4.63E-04,1.65E-01,No,Yes,6,6,1,4,0,0,0,1
NF1,No,82,5.66E-04,2.61E-01,Yes,Yes,6,6,0,3,0,0,2,1
VCAN,No,22,6.05E-04,5.15E-02,Yes,Yes,6,6,0,0,1,0,3,2
DLC1,No,35,6.54E-04,8.38E-02,No,Yes,5,6,0,1,0,1,3,1
HIF1A,Yes,117,9.56E-04,3.94E-01,Yes,Yes,6,6,0,0,3,0,1,2
TBX3,Yes,172,1.68E-03,5.24E-01,Yes,Yes,6,6,0,0,0,3,2,1
SH3PXD2B,No,109,1.92E-03,3.00E-01,Yes,Yes,4,6,0,1,0,0,4,1
FOXC1,Yes,183,3.32E-03,5.75E-01,Yes,No,6,6,0,1,0,0,5,0
ATP2A2,No,118,3.68E-03,3.04E-01,Yes,Yes,6,6,0,0,1,4,1,0
SMAD4,Yes,220,3.76E-03,7.04E-01,Yes,Yes,6,6,0,1,1,0,1,3
BMPR1A,Yes,242,3.95E-03,7.28E-01,Yes,Yes,6,6,0,0,0,0,5,1
TUBA8,No,85,4.66E-03,1.48E-01,Yes,Yes,6,6,0,0,0,0,5,1
TGFBR2,Yes,277,6.96E-03,7.87E-01,Yes,Yes,5,6,1,0,2,0,1,2
FOXP1,No,'-,'-,'-,Yes,Yes,5,6,0,1,1,0,2,2
ADNP2,No,'-,'-,'-,Yes,Yes,6,6,0,1,0,0,5,0
VEGFC,No,16,4.04E-06,5.87E-02,No,Yes,5,5,0,1,1,0,3,0
ADGRV1,No,9,4.51E-06,1.63E-02,Yes,Yes,5,5,1,1,0,0,3,0
ENOSF1,No,5,6.40E-06,8.88E-03,Yes,Yes,5,5,1,0,0,0,4,0
MTHFD1,No,8,1.78E-05,2.10E-02,Yes,Yes,5,5,2,0,0,0,2,1
STX18,No,8,3.30E-05,6.81E-03,Yes,Yes,5,5,1,0,0,1,3,0
TTLL10,No,6,3.78E-05,4.49E-03,Yes,Yes,5,5,0,1,0,0,4,0
MED13L,No,27,3.83E-05,9.61E-02,Yes,Yes,5,5,0,2,0,1,2,0
BCOR,No,27,3.91E-05,8.15E-02,Yes,Yes,5,5,0,4,0,0,1,0
S100P,No,19,4.70E-05,3.91E-02,Yes,Yes,5,5,0,0,1,1,3,0
PDE6B,No,24,8.56E-05,5.63E-02,Yes,Yes,5,5,0,1,0,1,3,0
RBFOX1,No,38,2.31E-04,1.04E-01,Yes,Yes,5,5,0,0,1,0,4,0
PCSK5,No,41,2.81E-04,1.22E-01,Yes,Yes,5,5,0,2,1,0,2,0
RERE,No,75,3.12E-04,2.35E-01,Yes,Yes,5,5,0,2,0,0,2,1
COL6A1,No,53,4.87E-04,1.58E-01,Yes,Yes,5,5,0,1,0,0,3,1
FGF10,No,94,5.37E-04,3.51E-01,Yes,Yes,4,5,2,0,0,0,1,2
CDK13,No,73,5.70E-04,2.22E-01,Yes,Yes,5,5,0,1,0,0,3,1
IRX4,No,85,9.08E-04,2.57E-01,No,Yes,4,5,0,2,1,0,1,1
FGFR4,Yes,122,9.83E-04,4.28E-01,Yes,Yes,5,5,0,0,1,0,3,1
MEF2A,Yes,148,1.52E-03,4.85E-01,Yes,Yes,5,5,0,1,0,0,3,1
MAP2K1,Yes,136,1.54E-03,4.46E-01,Yes,No,5,5,0,3,0,0,0,2
KMT2C,Yes,136,1.64E-03,4.35E-01,No,Yes,5,5,0,2,0,0,3,0
TYMS,No,15,1.73E-03,2.31E-02,Yes,Yes,5,5,1,0,0,0,4,0
ACVR1,Yes,200,2.15E-03,6.32E-01,Yes,Yes,4,5,0,3,0,0,1,1
RXRA,No,128,2.55E-03,3.89E-01,Yes,Yes,5,5,0,0,0,0,4,1
DSCAM,No,137,2.87E-03,3.45E-01,Yes,Yes,5,5,0,0,0,0,4,1
FOXF1,Yes,147,2.93E-03,4.68E-01,Yes,Yes,5,5,0,2,0,0,0,3
CETN1,No,93,3.43E-03,1.62E-01,Yes,Yes,5,5,0,1,0,0,4,0
BMPR2,Yes,206,3.66E-03,6.14E-01,Yes,Yes,3,5,0,2,0,0,3,0
SMARCA2,Yes,188,5.02E-03,5.00E-01,Yes,Yes,5,5,0,1,0,0,3,1
FLNA,No,162,7.00E-03,4.21E-01,Yes,Yes,5,5,0,5,0,0,0,0
GLI3,Yes,262,7.55E-03,7.74E-01,Yes,Yes,5,5,0,2,0,0,3,0
ABL1,Yes,255,8.05E-03,6.95E-01,No,Yes,4,5,0,1,0,0,3,1
MIR1469,No,'-,'-,'-,Yes,Yes,5,5,0,2,0,0,3,0
LPP,No,'-,'-,'-,Yes,Yes,4,5,0,1,0,0,4,0
FTCD,No,'-,'-,'-,Yes,Yes,5,5,0,0,1,0,4,0
STX18-AS1,No,'-,'-,'-,Yes,Yes,5,5,1,0,0,1,3,0
FAM25G,No,'-,'-,'-,Yes,Yes,5,5,0,0,1,0,4,0
NPPB,No,1,0.00E+00,6.00E-04,No,Yes,4,4,1,0,1,0,1,1
RTTN,No,3,0.00E+00,6.01E-04,Yes,Yes,4,4,0,1,0,0,3,0
NUP188,No,1,0.00E+00,6.21E-04,Yes,Yes,3,4,0,0,0,0,3,1
SLC1A1,No,2,0.00E+00,6.86E-04,Yes,Yes,4,4,0,0,1,0,3,0
NRGN,No,2,0.00E+00,2.60E-03,Yes,Yes,4,4,0,0,1,0,3,0
CASZ1,No,3,1.46E-07,1.43E-02,Yes,Yes,4,4,0,1,0,0,1,2
MYOM2,No,4,4.77E-07,5.87E-03,No,Yes,4,4,0,1,0,0,3,0
PIGL,No,2,7.21E-07,3.01E-03,Yes,No,3,4,0,1,0,0,3,0
AKAP12,No,6,1.36E-06,2.46E-02,Yes,Yes,4,4,0,0,0,0,3,1
AFF4,No,21,2.74E-06,9.59E-02,Yes,Yes,3,4,0,2,0,0,1,1
BHMT,No,4,2.88E-06,6.46E-03,Yes,Yes,4,4,1,0,0,0,3,0
PDGFA,No,14,3.24E-06,4.51E-02,Yes,Yes,4,4,0,0,1,0,3,0
BHMT2,No,5,5.95E-06,9.29E-03,Yes,Yes,4,4,1,0,0,0,3,0
MYOCD,No,28,5.96E-06,1.18E-01,No,Yes,4,4,0,2,0,0,0,2
MMP21,No,6,6.62E-06,1.05E-02,Yes,Yes,3,4,0,1,0,0,2,1
TGFBR3,No,23,8.32E-06,9.25E-02,Yes,Yes,4,4,0,1,2,1,0,0
TENM3,No,7,9.69E-06,1.08E-02,Yes,Yes,4,4,0,1,0,0,3,0
ADAMTS19,No,10,1.37E-05,2.68E-02,No,Yes,2,4,0,1,0,0,2,1
F2R,No,10,2.41E-05,2.07E-02,Yes,Yes,4,4,0,0,1,0,3,0
HES5,No,26,2.57E-05,6.26E-02,Yes,Yes,4,4,0,0,1,0,3,0
TLL1,No,22,3.33E-05,6.02E-02,No,Yes,4,4,0,3,0,0,0,1
BPGM,No,11,4.71E-05,2.08E-02,No,Yes,4,4,0,0,1,0,3,0
JMJD6,No,18,9.40E-05,5.92E-02,Yes,Yes,4,4,0,1,1,0,1,1
GRK6,No,25,9.76E-05,6.35E-02,Yes,Yes,4,4,0,0,0,0,3,1
PBX1,No,61,1.01E-04,1.96E-01,Yes,Yes,3,4,0,2,1,0,0,1
CNN2,No,24,1.07E-04,4.31E-02,Yes,Yes,4,4,0,0,2,0,2,0
DHFR,No,8,1.55E-04,1.16E-02,Yes,Yes,4,4,0,0,0,0,3,1
KCNH2,No,32,1.62E-04,9.13E-02,Yes,Yes,4,4,0,1,0,0,3,0
TWIST1,No,63,1.63E-04,2.20E-01,Yes,Yes,3,4,0,0,2,0,2,0
ZNF236,No,39,1.87E-04,1.09E-01,Yes,Yes,4,4,0,1,0,0,3,0
SUN1,No,25,2.30E-04,6.55E-02,Yes,Yes,4,4,0,1,0,0,3,0
VAV2,No,50,2.51E-04,1.94E-01,No,Yes,4,4,0,1,0,0,3,0
FOXI2,No,61,3.18E-04,1.76E-01,Yes,Yes,4,4,0,2,0,0,2,0
NONO,No,36,3.29E-04,1.00E-01,Yes,Yes,3,4,0,3,0,0,1,0
SALL4,No,69,3.53E-04,2.07E-01,Yes,Yes,4,4,0,2,0,0,1,1
VANGL2,No,57,3.60E-04,1.60E-01,No,Yes,3,4,0,0,2,0,0,2
PCSK6,No,48,3.65E-04,1.45E-01,Yes,Yes,4,4,0,1,0,0,2,1
PDLIM7,No,67,3.74E-04,2.09E-01,Yes,Yes,4,4,0,0,0,0,3,1
SLC19A1,No,34,4.08E-04,8.36E-02,Yes,Yes,4,4,2,0,0,0,2,0
GART,No,35,4.43E-04,8.14E-02,Yes,Yes,4,4,0,0,1,0,2,1
LEFTY2,Yes,105,5.48E-04,3.91E-01,Yes,Yes,4,4,1,1,1,0,1,0
PRKN,No,68,5.77E-04,2.26E-01,No,Yes,3,4,0,1,0,0,3,0
MOSPD3,No,33,7.17E-04,8.51E-02,Yes,Yes,4,4,0,0,2,0,2,0
SMARCD3,No,94,7.21E-04,3.03E-01,No,Yes,4,4,0,0,0,0,3,1
KAT6B,No,75,7.83E-04,2.52E-01,Yes,Yes,4,4,0,3,0,0,1,0
WDR5,No,88,1.09E-03,2.66E-01,No,Yes,4,4,0,0,0,0,3,1
FOXK1,No,103,1.35E-03,3.18E-01,Yes,Yes,4,4,0,1,0,0,3,0
MKKS,No,67,1.36E-03,1.87E-01,Yes,No,4,4,0,1,0,1,2,0
SHOC2,No,68,1.37E-03,2.02E-01,Yes,Yes,4,4,0,2,0,0,2,0
DRD5,No,39,1.38E-03,9.78E-02,Yes,Yes,4,4,0,1,0,0,3,0
LTBP1,No,80,1.42E-03,2.18E-01,Yes,Yes,4,4,0,2,0,0,1,1
CRB2,No,132,1.70E-03,4.07E-01,Yes,Yes,4,4,0,3,0,0,1,0
DLL4,Yes,140,1.74E-03,4.74E-01,No,Yes,3,4,0,1,1,0,0,2
SMAD6,Yes,153,1.85E-03,5.24E-01,No,Yes,3,4,0,3,0,0,0,1
FAM20C,No,8,2.13E-03,9.84E-03,Yes,Yes,4,4,0,1,0,0,3,0
DAND5,Yes,171,2.15E-03,5.39E-01,No,Yes,4,4,0,0,0,0,3,1
JARID2,Yes,133,2.31E-03,4.29E-01,No,Yes,4,4,0,1,0,0,0,3
MEIS2,No,97,2.33E-03,3.26E-01,Yes,Yes,4,4,0,3,0,1,0,0
DLL1,Yes,178,2.35E-03,5.80E-01,Yes,Yes,4,4,0,1,0,0,2,1
BMP4,Yes,183,2.49E-03,5.99E-01,Yes,Yes,4,4,1,0,0,0,1,2
PDIA4,No,73,2.71E-03,1.44E-01,Yes,Yes,4,4,0,0,1,0,3,0
FBN1,Yes,166,3.13E-03,4.85E-01,Yes,Yes,4,4,0,2,1,0,1,0
TSC1,No,59,3.15E-03,1.96E-01,No,Yes,4,4,0,0,1,0,3,0
CDH2,Yes,163,3.46E-03,5.39E-01,Yes,Yes,4,4,0,1,2,0,1,0
GATA3,Yes,230,3.69E-03,7.17E-01,Yes,Yes,4,4,0,2,0,0,1,1
FGF8,No,103,4.57E-03,3.62E-01,Yes,Yes,4,4,0,1,0,0,1,2
TPM1,No,98,5.34E-03,2.38E-01,Yes,Yes,4,4,0,2,2,0,0,0
PPP2CA,No,165,5.66E-03,4.30E-01,Yes,Yes,3,4,0,1,1,0,1,1
ROCK2,Yes,202,6.17E-03,5.63E-01,Yes,Yes,3,4,0,0,0,0,3,1
CREBBP,Yes,256,8.77E-03,7.36E-01,Yes,Yes,4,4,0,0,1,0,3,0
EZH2,Yes,242,8.83E-03,7.28E-01,No,Yes,4,4,0,0,0,0,3,1
G6PC3,No,'-,'-,'-,Yes,No,2,4,0,2,0,1,0,1
FOLR1,No,'-,'-,'-,No,Yes,4,4,1,0,0,0,0,3
CPLANE1,No,'-,'-,'-,Yes,Yes,4,4,0,1,0,0,2,1
GDF1,No,'-,'-,'-,Yes,Yes,3,4,0,3,0,0,0,1
DMGDH,No,'-,'-,'-,Yes,Yes,4,4,1,0,0,0,3,0
BVES,No,'-,'-,'-,No,Yes,2,4,0,2,0,0,0,2
TCAP,No,1,0.00E+00,6.52E-05,No,Yes,3,3,0,2,0,0,1,0
CSGALNACT1,No,1,0.00E+00,7.01E-04,No,Yes,3,3,0,1,0,0,2,0
DRC1,No,1,0.00E+00,3.95E-03,Yes,Yes,3,3,0,2,0,0,1,0
MCTP2,No,1,0.00E+00,4.05E-03,Yes,Yes,3,3,0,1,0,0,2,0
GREM1,No,2,0.00E+00,8.36E-03,Yes,Yes,3,3,0,0,1,1,1,0
CALD1,No,4,0.00E+00,1.69E-02,No,Yes,3,3,0,0,1,0,2,0
SESN1,No,5,0.00E+00,3.03E-02,Yes,Yes,3,3,0,1,0,0,2,0
ADIPOQ,No,2,9.98E-08,8.49E-03,Yes,Yes,3,3,0,0,1,0,2,0
MEGF8,No,3,1.20E-07,4.46E-03,Yes,Yes,3,3,0,2,0,0,0,1
PKD1L1,No,5,4.52E-07,1.77E-02,Yes,Yes,3,3,0,1,0,0,2,0
CMTM5,No,2,5.23E-07,4.91E-03,Yes,Yes,3,3,0,1,0,1,1,0
ALPK3,No,11,7.29E-07,4.36E-02,Yes,Yes,3,3,0,1,0,0,2,0
EDN1,No,4,9.48E-07,3.31E-03,No,Yes,3,3,0,1,1,0,1,0
BNC2,No,7,1.02E-06,2.63E-02,Yes,Yes,2,3,0,1,0,0,1,1
CLIC6,No,7,1.20E-06,2.82E-02,Yes,Yes,3,3,0,0,0,0,2,1
ADARB1,No,3,2.82E-06,2.92E-03,Yes,Yes,3,3,0,0,1,0,2,0
CA3,No,4,4.26E-06,1.33E-02,No,Yes,3,3,0,0,2,0,1,0
MAFF,No,14,5.01E-06,5.17E-02,Yes,Yes,3,3,0,0,1,0,2,0
SCG5,No,10,6.47E-06,2.24E-02,No,Yes,3,3,0,0,1,1,1,0
NPHP4,No,5,6.58E-06,7.02E-03,Yes,Yes,3,3,0,2,0,0,1,0
PTN,No,9,6.91E-06,3.31E-02,No,Yes,3,3,0,0,1,0,2,0
HOMEZ,No,12,7.12E-06,2.77E-02,Yes,Yes,3,3,0,1,0,1,1,0
NEXN,No,7,7.19E-06,1.29E-02,No,Yes,2,3,0,1,0,0,1,1
KYNU,No,3,7.89E-06,3.59E-03,Yes,No,2,3,0,1,0,0,1,1
CCDC151,No,3,8.21E-06,1.37E-04,Yes,Yes,3,3,0,1,0,0,2,0
DOCK6,No,16,1.13E-05,6.29E-02,No,Yes,3,3,0,1,0,0,2,0
MGMT,No,13,1.18E-05,4.14E-02,No,Yes,3,3,1,0,0,0,2,0
MKRN1,No,9,1.87E-05,1.86E-02,No,Yes,3,3,0,0,1,0,2,0
FANCI,No,7,1.97E-05,1.97E-02,Yes,Yes,3,3,0,1,0,0,2,0
COL18A1,No,9,2.25E-05,1.42E-02,Yes,Yes,3,3,1,0,0,0,2,0
PBX3,No,37,2.77E-05,1.17E-01,No,Yes,3,3,0,0,0,0,2,1
ANKRD11,No,3,3.34E-05,1.01E-02,Yes,Yes,3,3,0,1,1,0,1,0
LFNG,No,33,3.55E-05,1.19E-01,Yes,Yes,3,3,0,0,1,0,2,0
HCN2,No,18,3.61E-05,4.03E-02,Yes,Yes,3,3,0,1,0,0,2,0
GCLC,No,11,3.93E-05,1.29E-02,No,Yes,3,3,2,0,0,0,0,1
CEP192,No,9,3.96E-05,8.62E-03,Yes,Yes,3,3,0,1,0,0,2,0
AHR,No,26,3.97E-05,9.07E-02,No,Yes,3,3,0,0,1,0,2,0
MAML1,No,28,3.98E-05,8.78E-02,Yes,Yes,3,3,0,0,1,0,2,0
THBS2,No,24,4.61E-05,5.63E-02,Yes,Yes,3,3,0,0,1,0,2,0
FPGS,No,24,4.78E-05,6.53E-02,No,Yes,3,3,0,0,1,0,2,0
WDR27,No,34,4.92E-05,1.09E-01,Yes,Yes,3,3,0,1,0,0,2,0
MPO,No,24,5.25E-05,9.41E-02,Yes,Yes,3,3,0,0,1,0,1,1
PRDM1,No,33,5.28E-05,1.29E-01,Yes,Yes,3,3,0,1,0,0,1,1
CSDC2,No,18,7.68E-05,4.59E-02,Yes,Yes,3,3,0,0,2,0,1,0
MOV10L1,No,21,7.84E-05,2.94E-02,Yes,Yes,3,3,0,0,1,0,2,0
CERT1,No,8,8.03E-05,1.51E-02,Yes,Yes,3,3,0,0,0,0,2,1
GLRX3,No,16,8.24E-05,4.77E-02,No,Yes,3,3,0,1,0,0,2,0
BMP1,No,32,8.79E-05,9.00E-02,No,Yes,3,3,0,1,0,0,2,0
BCCIP,No,4,8.99E-05,9.67E-03,No,Yes,3,3,0,1,0,0,2,0
ADAM19,No,16,9.19E-05,4.01E-02,Yes,Yes,3,3,0,0,0,0,2,1
TFAP2C,No,43,9.82E-05,1.36E-01,Yes,Yes,3,3,0,0,1,0,2,0
MYCN,No,65,9.87E-05,2.62E-01,No,Yes,3,3,0,0,0,0,2,1
IGFBP1,No,15,1.08E-04,2.87E-02,Yes,Yes,3,3,0,0,1,0,2,0
AHCYL2,No,16,1.12E-04,2.85E-02,No,Yes,3,3,0,0,0,0,2,1
TUBGCP6,No,19,1.18E-04,2.38E-02,Yes,Yes,3,3,0,1,0,0,2,0
MASP1,No,16,1.37E-04,1.54E-02,Yes,Yes,3,3,0,1,1,0,1,0
NUMB,No,76,1.51E-04,2.93E-01,Yes,Yes,3,3,0,0,1,0,2,0
DNAH7,No,43,1.74E-04,9.45E-02,Yes,Yes,3,3,0,2,0,0,1,0
BARX1,No,71,1.82E-04,2.63E-01,No,Yes,3,3,0,1,0,0,2,0
CDH23,No,43,1.91E-04,1.16E-01,Yes,Yes,3,3,0,1,0,0,2,0
TP53BP2,No,22,2.00E-04,8.56E-02,Yes,Yes,3,3,0,1,0,0,1,1
CNN1,No,24,2.01E-04,3.93E-02,No,Yes,3,3,0,0,1,0,2,0
NPEPL1,No,12,2.11E-04,1.89E-02,Yes,Yes,3,3,0,0,1,0,2,0
RICTOR,No,56,2.14E-04,2.11E-01,Yes,Yes,3,3,0,1,0,0,2,0
HOXA1,No,67,2.20E-04,2.15E-01,No,Yes,3,3,0,1,0,0,1,1
GPX4,No,20,2.27E-04,3.22E-02,Yes,Yes,3,3,1,0,0,0,2,0
CBR1,No,23,2.65E-04,4.02E-02,Yes,Yes,3,3,0,0,1,0,1,1
ITPR1,No,48,2.86E-04,1.41E-01,No,Yes,3,3,0,0,0,0,2,1
GSN,No,22,2.87E-04,6.41E-02,No,Yes,3,3,0,1,1,0,1,0
HAS2,No,48,2.88E-04,1.46E-01,No,Yes,2,3,0,1,0,0,0,2
NEK2,No,52,2.98E-04,1.57E-01,Yes,Yes,2,3,0,1,0,0,1,1
CCDC114,No,4,3.05E-04,2.33E-03,Yes,No,2,3,0,2,0,0,0,1
TBX18,No,101,3.42E-04,3.36E-01,Yes,Yes,2,3,0,1,0,0,1,1
FGF18,No,76,3.54E-04,2.86E-01,No,Yes,3,3,0,0,1,0,2,0
TCTN2,No,2,3.55E-04,7.09E-04,Yes,Yes,3,3,0,1,0,0,2,0
ARHGEF11,No,45,3.60E-04,1.21E-01,No,Yes,3,3,0,2,0,0,1,0
TRIM32,No,53,3.75E-04,1.49E-01,Yes,Yes,3,3,0,1,0,0,2,0
SETD5,No,47,3.86E-04,1.41E-01,Yes,Yes,3,3,0,1,0,0,1,1
SPECC1L,No,49,3.93E-04,1.12E-01,Yes,No,2,3,0,1,0,0,1,1
FGF12,No,73,3.98E-04,2.66E-01,Yes,Yes,3,3,0,0,1,0,2,0
PTCH1,No,83,4.13E-04,2.77E-01,No,Yes,3,3,0,1,0,0,2,0
GLRX,No,21,4.35E-04,3.85E-02,Yes,Yes,3,3,0,0,1,0,2,0
SOX18,No,76,4.50E-04,2.38E-01,No,Yes,3,3,0,0,1,0,2,0
INTU,No,23,4.64E-04,4.47E-02,Yes,Yes,2,3,0,2,0,0,1,0
LRRC8A,No,38,4.79E-04,7.22E-02,No,Yes,3,3,0,0,1,0,2,0
SOX1,Yes,109,4.99E-04,3.69E-01,No,Yes,3,3,0,0,1,0,2,0
CALU,No,14,5.57E-04,2.51E-02,No,Yes,3,3,0,0,1,0,2,0
SYNPR,No,14,5.57E-04,1.89E-02,Yes,Yes,2,3,2,0,0,0,1,0
TIE1,No,87,6.20E-04,3.02E-01,No,Yes,3,3,0,1,0,0,1,1
ABCB1,No,56,6.57E-04,1.76E-01,No,Yes,2,3,2,0,0,0,0,1
TGFB3,Yes,116,6.78E-04,4.14E-01,Yes,Yes,3,3,0,0,2,0,1,0
LBX1,Yes,113,7.09E-04,3.89E-01,No,Yes,3,3,0,0,0,0,2,1
FOXH1,Yes,122,7.31E-04,4.07E-01,No,Yes,3,3,0,3,0,0,0,0
IQGAP1,No,78,7.33E-04,2.25E-01,Yes,Yes,2,3,0,2,0,0,1,0
MAP2K2,No,110,7.40E-04,3.69E-01,Yes,No,3,3,0,2,0,0,1,0
HMGB2,No,67,8.86E-04,2.20E-01,No,Yes,3,3,0,0,1,0,2,0
COL11A1,No,67,9.19E-04,1.97E-01,Yes,Yes,2,3,0,1,1,0,1,0
CCNO,No,94,1.00E-03,2.14E-01,Yes,Yes,3,3,0,1,0,0,2,0
WNT3,Yes,164,1.06E-03,5.53E-01,Yes,Yes,3,3,0,0,1,1,1,0
SOD1,No,77,1.14E-03,2.11E-01,Yes,Yes,3,3,0,0,0,0,2,1
MYO15A,No,93,1.21E-03,2.18E-01,Yes,Yes,3,3,0,1,0,0,2,0
RARB,No,108,1.22E-03,3.61E-01,No,Yes,3,3,0,0,1,0,0,2
TRAF7,No,108,1.32E-03,3.54E-01,Yes,Yes,2,3,0,1,0,0,1,1
AXIN1,Yes,121,1.38E-03,4.22E-01,No,Yes,3,3,0,1,1,0,0,1
TCF7L2,Yes,147,1.43E-03,5.11E-01,Yes,Yes,3,3,0,0,1,0,2,0
PSEN1,No,104,1.60E-03,3.18E-01,Yes,Yes,3,3,0,0,1,0,2,0
WNT3A,Yes,187,1.66E-03,6.16E-01,No,Yes,3,3,0,0,1,0,1,1
BTRC,No,97,1.66E-03,3.23E-01,No,Yes,3,3,0,0,1,0,2,0
WNT5A,Yes,190,1.69E-03,6.23E-01,No,Yes,2,3,1,0,1,0,0,1
GRIK1,No,31,1.72E-03,7.46E-02,Yes,Yes,2,3,2,0,0,0,1,0
SRF,Yes,155,1.81E-03,5.01E-01,No,Yes,3,3,0,0,0,0,0,3
FBN2,No,140,2.08E-03,4.04E-01,No,Yes,3,3,0,1,0,0,1,1
FGFR2,Yes,169,2.27E-03,5.64E-01,Yes,Yes,3,3,0,1,0,0,1,1
PDGFRA,Yes,160,2.39E-03,5.25E-01,No,Yes,3,3,0,0,0,0,1,2
BMP2,Yes,167,2.41E-03,5.72E-01,Yes,Yes,2,3,0,1,1,0,1,0
LAMA5,No,45,2.42E-03,1.35E-01,Yes,Yes,3,3,0,1,0,0,2,0
RBPJ,Yes,155,2.48E-03,4.86E-01,Yes,Yes,3,3,0,0,1,0,1,1
FLNC,No,105,2.71E-03,2.52E-01,No,Yes,3,3,0,1,0,0,2,0
APP,No,93,2.81E-03,2.54E-01,Yes,Yes,3,3,0,0,1,0,2,0
SOX9,Yes,179,2.82E-03,5.49E-01,No,Yes,3,3,0,1,1,0,0,1
ALDH1A2,No,56,2.82E-03,1.39E-01,Yes,Yes,2,3,0,1,0,0,1,1
NTRK3,Yes,193,2.98E-03,5.62E-01,Yes,Yes,2,3,0,1,0,0,1,1
ACVR2B,Yes,179,3.07E-03,5.27E-01,Yes,Yes,3,3,0,2,0,0,0,1
CALR,No,46,3.27E-03,9.66E-02,No,Yes,3,3,0,0,0,0,2,1
MYL3,No,117,3.39E-03,2.75E-01,No,Yes,3,3,0,0,2,0,1,0
CLASP1,No,127,3.39E-03,3.22E-01,No,Yes,3,3,0,1,0,0,2,0
TNF,No,111,3.75E-03,3.23E-01,No,Yes,3,3,0,0,1,0,1,1
AKT3,Yes,204,3.79E-03,5.87E-01,No,Yes,3,3,0,0,1,0,2,0
SYNE2,No,83,4.07E-03,2.04E-01,Yes,Yes,3,3,0,1,0,0,2,0
KDR,Yes,177,4.16E-03,5.68E-01,No,Yes,2,3,0,2,0,0,1,0
CANX,No,53,4.16E-03,1.07E-01,Yes,Yes,3,3,0,0,1,0,2,0
NOTCH3,Yes,214,4.32E-03,6.52E-01,No,Yes,3,3,0,2,1,0,0,0
HDAC2,Yes,223,5.12E-03,6.26E-01,Yes,Yes,3,3,0,1,0,0,1,1
INVS,No,120,5.63E-03,3.05E-01,No,Yes,3,3,0,1,0,0,1,1
PPP1CB,No,179,5.86E-03,4.61E-01,Yes,Yes,3,3,0,1,0,0,2,0
ROCK1,Yes,237,6.58E-03,6.51E-01,No,Yes,3,3,0,2,0,0,0,1
NME8,No,100,6.64E-03,2.32E-01,Yes,Yes,3,3,0,1,0,0,2,0
TGFBR1,Yes,272,6.75E-03,7.83E-01,No,Yes,3,3,0,1,1,0,1,0
HNRNPA1,No,103,7.56E-03,2.31E-01,No,Yes,2,3,0,1,0,0,1,1
PCM1,No,34,8.40E-03,4.70E-02,Yes,Yes,3,3,0,1,0,0,2,0
EP300,Yes,285,9.52E-03,8.01E-01,Yes,Yes,3,3,0,1,1,0,1,0
UBC,Yes,210,1.07E-02,5.49E-01,Yes,Yes,3,3,0,0,2,0,1,0
UBB,Yes,197,1.43E-02,5.04E-01,Yes,Yes,3,3,0,0,1,0,2,0
HRAS,Yes,374,2.25E-02,9.36E-01,Yes,No,3,3,0,1,0,0,0,2
ESR1,Yes,273,2.50E-02,7.06E-01,Yes,Yes,3,3,0,0,0,0,2,1
EGFR,Yes,287,3.17E-02,7.14E-01,No,Yes,3,3,0,0,1,0,1,1
IL27,No,'-,'-,'-,No,Yes,2,3,2,0,0,0,1,0
CBS,No,'-,'-,'-,No,Yes,3,3,2,0,0,0,0,1
RASA1,No,'-,'-,'-,Yes,Yes,3,3,0,3,0,0,0,0
CLDN17,No,'-,'-,'-,Yes,Yes,2,3,2,0,0,0,1,0
POU5F1,No,'-,'-,'-,No,Yes,1,3,2,0,0,0,0,1
NHS,No,'-,'-,'-,Yes,Yes,3,3,0,1,0,1,1,0
HAAO,No,'-,'-,'-,Yes,Yes,2,3,0,2,0,0,0,1
FGFBP2,No,'-,'-,'-,Yes,Yes,3,3,0,0,1,0,2,0
TDGF1,No,'-,'-,'-,Yes,Yes,3,3,0,2,1,0,0,0
ACTA2,No,'-,'-,'-,Yes,Yes,3,3,0,1,1,0,1,0
PTPDC1,No,'-,'-,'-,No,Yes,3,3,0,1,0,0,2,0
PCP4,No,'-,'-,'-,Yes,Yes,3,3,0,0,1,0,2,0
TBL1Y,No,'-,'-,'-,No,Yes,2,3,0,1,0,0,1,1
RIT1,No,'-,'-,'-,Yes,No,3,3,0,2,0,0,0,1
SCN5A,No,'-,'-,'-,Yes,Yes,3,3,0,1,0,0,1,1
PIGP,No,'-,'-,'-,Yes,Yes,3,3,0,0,1,0,1,1
HYDIN,No,'-,'-,'-,Yes,Yes,3,3,0,2,0,0,1,0
DNAH10,No,'-,'-,'-,Yes,Yes,3,3,0,1,0,0,2,0
RIPPLY3,No,'-,'-,'-,No,Yes,2,3,0,1,0,0,1,1
HNMT,No,'-,'-,'-,Yes,Yes,3,3,0,0,1,0,2,0
SMIM11A,No,'-,'-,'-,Yes,Yes,3,3,0,0,0,0,2,1
TCN2,No,1,0.00E+00,5.45E-07,Yes,Yes,2,2,1,0,0,0,1,0
CCDC39,No,1,0.00E+00,2.54E-06,Yes,Yes,2,2,0,1,0,0,1,0
WDR35,No,3,0.00E+00,2.44E-05,No,Yes,2,2,0,1,0,0,1,0
CFAP53,No,1,0.00E+00,3.14E-05,Yes,Yes,2,2,0,1,0,0,1,0
PKHD1,No,1,0.00E+00,3.84E-05,Yes,Yes,2,2,0,1,0,1,0,0
CST3,No,1,0.00E+00,7.22E-05,No,Yes,2,2,0,1,0,0,1,0
CRYM,No,1,0.00E+00,8.33E-05,No,Yes,2,2,0,0,1,0,1,0
KIAA0586,No,1,0.00E+00,2.93E-04,Yes,Yes,2,2,0,1,0,0,1,0
DTX3,No,1,0.00E+00,5.58E-04,No,Yes,2,2,0,0,1,0,1,0
COL15A1,No,1,0.00E+00,7.79E-04,No,Yes,2,2,0,0,1,0,1,0
CCN1,No,1,0.00E+00,9.89E-04,No,Yes,2,2,0,1,0,1,0,0
SST,No,1,0.00E+00,1.07E-03,No,Yes,2,2,0,0,1,0,1,0
B3GAT3,No,1,0.00E+00,1.91E-03,Yes,No,1,2,0,1,0,0,0,1
WDR11,No,1,0.00E+00,2.65E-03,No,Yes,2,2,0,1,0,0,1,0
TMEM94,No,1,0.00E+00,3.02E-03,Yes,Yes,2,2,0,1,0,0,1,0
MUC16,No,1,0.00E+00,5.23E-03,No,Yes,2,2,0,1,0,0,1,0
STAP2,No,4,0.00E+00,2.35E-02,Yes,Yes,2,2,0,1,0,0,1,0
EPCAM,No,3,1.29E-08,1.19E-02,No,Yes,2,2,0,0,1,0,1,0
IFNGR2,No,7,1.92E-07,3.78E-02,Yes,Yes,2,2,0,0,0,0,1,1
PERP,No,6,4.88E-07,3.02E-02,Yes,Yes,2,2,0,0,1,0,1,0
VEGFD,No,9,5.58E-07,3.12E-02,No,Yes,2,2,0,0,1,1,0,0
WASHC5,No,4,6.43E-07,6.71E-03,No,Yes,2,2,0,1,0,0,0,1
STRA6,No,8,6.99E-07,1.44E-02,Yes,No,2,2,0,1,1,0,0,0
CA1,No,2,1.03E-06,1.64E-03,No,Yes,2,2,0,0,1,0,1,0
MYRF,No,9,1.09E-06,2.75E-02,Yes,No,2,2,0,2,0,0,0,0
SOST,No,4,1.80E-06,8.77E-03,Yes,Yes,2,2,0,0,1,1,0,0
AGR2,No,3,3.16E-06,1.79E-03,No,Yes,2,2,0,0,1,0,1,0
MRPS6,No,5,4.02E-06,3.85E-03,Yes,Yes,2,2,0,0,0,0,1,1
PGAP3,No,3,4.58E-06,3.15E-03,Yes,Yes,2,2,0,1,0,0,1,0
MTR,No,5,4.86E-06,1.37E-02,No,Yes,2,2,1,0,0,0,1,0
KREMEN1,No,11,4.98E-06,4.02E-02,Yes,Yes,2,2,0,0,1,0,1,0
CRYZL1,No,6,6.98E-06,9.01E-03,Yes,Yes,2,2,0,0,0,0,1,1
VPS26C,No,3,8.09E-06,7.33E-04,Yes,Yes,2,2,0,0,1,0,1,0
PCDHGA2,No,12,8.14E-06,3.13E-02,No,Yes,2,2,0,1,0,0,1,0
CCBE1,No,11,8.26E-06,3.42E-02,Yes,Yes,2,2,0,0,0,0,1,1
MYBPC3,No,14,8.80E-06,3.19E-02,No,Yes,2,2,0,2,0,0,0,0
VEGFB,No,14,9.42E-06,4.04E-02,No,Yes,2,2,0,1,1,0,0,0
SHC3,No,36,1.03E-05,1.43E-01,Yes,Yes,2,2,0,0,1,0,1,0
RBP5,No,6,1.23E-05,1.37E-02,No,Yes,1,2,0,1,0,0,0,1
ATP6V1D,No,3,1.24E-05,4.37E-03,Yes,Yes,2,2,0,0,1,0,1,0
DTYMK,No,7,1.26E-05,9.25E-03,Yes,Yes,2,2,0,0,1,0,1,0
CDCA7L,No,4,1.57E-05,6.54E-03,Yes,Yes,2,2,0,1,0,0,1,0
PHKG1,No,12,1.57E-05,1.73E-02,No,Yes,2,2,0,0,1,0,1,0
DNAAF2,No,8,1.61E-05,1.63E-02,Yes,No,2,2,0,1,0,0,1,0
SRSF2,No,15,1.73E-05,4.29E-02,Yes,No,2,2,0,0,0,0,1,1
RFNG,No,25,1.95E-05,8.32E-02,Yes,Yes,2,2,0,0,1,0,1,0
TNFAIP2,No,16,2.10E-05,5.36E-02,Yes,Yes,2,2,0,0,1,0,1,0
PTGS1,No,14,2.15E-05,4.94E-02,No,Yes,2,2,0,1,0,0,1,0
MORC3,No,9,2.25E-05,2.58E-02,Yes,Yes,2,2,0,0,0,0,1,1
NQO1,No,3,2.30E-05,5.24E-03,Yes,Yes,2,2,0,0,2,0,0,0
FECH,No,7,2.39E-05,9.54E-03,Yes,Yes,2,2,0,0,1,0,1,0
JAZF1,No,18,2.40E-05,6.47E-02,No,Yes,2,2,0,0,0,0,1,1
ZNF534,No,25,2.45E-05,8.01E-02,No,Yes,1,2,0,1,0,0,1,0
PKD2L1,No,13,2.51E-05,3.01E-02,No,Yes,2,2,0,1,0,0,1,0
ARMC4,No,10,2.66E-05,1.57E-02,Yes,No,2,2,0,2,0,0,0,0
SYTL2,No,11,2.89E-05,1.88E-02,No,Yes,2,2,0,0,1,0,1,0
RPL37A,No,17,2.98E-05,3.60E-02,No,Yes,2,2,0,0,1,0,1,0
PER2,No,27,3.01E-05,8.59E-02,No,Yes,2,2,0,0,1,0,1,0
ARID1B,No,45,3.21E-05,1.80E-01,Yes,Yes,2,2,0,1,0,0,1,0
NAA15,No,10,3.29E-05,2.15E-02,Yes,No,2,2,0,1,0,0,0,1
GRHL2,No,21,3.35E-05,5.88E-02,Yes,Yes,2,2,0,0,1,0,1,0
SGSM3,No,13,3.38E-05,2.80E-02,Yes,Yes,2,2,0,1,0,0,1,0
RLF,No,29,3.49E-05,9.92E-02,No,Yes,2,2,0,0,0,0,1,1
CHAF1B,No,22,3.52E-05,6.75E-02,Yes,Yes,2,2,0,0,0,0,1,1
FAT2,No,24,3.96E-05,6.75E-02,Yes,Yes,2,2,0,1,0,0,1,0
SGSM1,No,14,4.03E-05,2.09E-02,Yes,Yes,2,2,0,0,1,0,1,0
ADAMTS9,No,20,4.03E-05,7.57E-02,Yes,Yes,2,2,0,0,0,0,1,1
PLXND1,No,28,4.03E-05,9.52E-02,No,Yes,2,2,0,1,0,0,0,1
IFNAR1,No,20,4.71E-05,7.04E-02,Yes,Yes,2,2,0,0,1,0,1,0
FABP3,No,12,4.77E-05,2.26E-02,No,Yes,2,2,0,0,0,0,0,2
DARS1,No,14,4.79E-05,3.11E-02,No,Yes,2,2,1,0,0,0,1,0
AVIL,No,8,4.90E-05,2.03E-02,No,Yes,2,2,0,1,0,0,1,0
PDS5B,No,21,5.02E-05,5.47E-02,Yes,Yes,2,2,0,0,0,0,1,1
NEFH,No,5,5.04E-05,6.67E-03,Yes,Yes,2,2,0,0,1,0,1,0
AGMO,No,15,5.17E-05,2.95E-02,No,Yes,2,2,0,0,0,0,1,1
IFT172,No,3,5.85E-05,2.87E-03,Yes,Yes,2,2,0,1,0,0,1,0
PNN,No,11,5.94E-05,1.30E-02,Yes,Yes,2,2,0,0,1,0,1,0
TNNT2,No,36,6.16E-05,8.13E-02,No,Yes,2,2,0,1,0,0,0,1
SEMA3D,No,23,6.18E-05,8.01E-02,No,Yes,2,2,0,1,0,0,1,0
TEF,No,38,6.52E-05,1.38E-01,Yes,Yes,2,2,0,0,1,0,1,0
CNN3,No,20,6.54E-05,3.83E-02,No,Yes,2,2,0,0,1,1,0,0
KCNJ2,No,20,6.76E-05,4.02E-02,Yes,No,1,2,0,1,0,0,0,1
NIN,No,10,7.49E-05,1.92E-02,Yes,No,2,2,0,1,0,0,1,0
TNXB,No,20,7.55E-05,5.54E-02,No,Yes,2,2,0,0,1,0,1,0
STK33,No,44,8.01E-05,1.35E-01,No,Yes,2,2,0,0,1,0,1,0
TCERG1,No,20,8.14E-05,3.16E-02,No,Yes,2,2,0,0,1,0,1,0
FABP4,No,21,8.64E-05,6.13E-02,No,Yes,2,2,0,0,1,0,1,0
HEYL,No,43,8.68E-05,1.51E-01,No,Yes,2,2,0,0,0,0,1,1
SEMA3A,No,32,9.14E-05,1.27E-01,Yes,Yes,1,2,0,1,0,0,1,0
PHOX2B,No,18,9.95E-05,4.85E-02,Yes,Yes,2,2,0,1,0,1,0,0
SDHA,No,24,1.01E-04,6.62E-02,No,Yes,2,2,0,0,1,0,1,0
TTC3,No,30,1.02E-04,8.86E-02,Yes,Yes,2,2,0,0,1,0,1,0
SLC8A1,No,27,1.03E-04,6.76E-02,Yes,Yes,2,2,0,0,0,0,1,1
OFD1,No,10,1.04E-04,7.98E-03,Yes,Yes,2,2,0,1,1,0,0,0
FXN,No,16,1.07E-04,3.12E-02,No,Yes,2,2,0,0,1,0,1,0
PKD1,No,23,1.11E-04,7.36E-02,No,Yes,2,2,0,1,0,0,1,0
MID1,No,32,1.20E-04,8.61E-02,Yes,Yes,2,2,0,1,0,0,0,1
HTRA1,No,18,1.35E-04,4.77E-02,No,Yes,2,2,0,0,1,0,1,0
TIAM1,No,39,1.39E-04,1.29E-01,Yes,Yes,2,2,0,0,0,0,1,1
CEP290,No,15,1.42E-04,1.97E-02,Yes,Yes,2,2,0,2,0,0,0,0
HES7,No,41,1.46E-04,1.34E-01,Yes,No,1,2,0,1,0,0,0,1
NFATC2,No,38,1.47E-04,1.46E-01,Yes,Yes,2,2,0,0,1,0,1,0
MAX,No,41,1.52E-04,1.59E-01,Yes,Yes,2,2,0,0,1,0,1,0
ATP5PO,No,10,1.61E-04,1.49E-02,Yes,Yes,2,2,0,0,0,0,1,1
MESP2,No,59,1.66E-04,1.87E-01,Yes,Yes,2,2,0,0,0,0,1,1
KRT18,No,12,1.72E-04,2.72E-02,No,Yes,2,2,0,0,1,0,1,0
GBE1,No,15,1.73E-04,3.45E-02,Yes,Yes,2,2,0,0,0,0,1,1
SUFU,No,36,1.75E-04,1.07E-01,No,Yes,2,2,0,0,0,0,1,1
GRK5,No,31,1.76E-04,8.30E-02,No,Yes,2,2,0,0,0,0,1,1
SNAP91,No,26,1.78E-04,6.98E-02,Yes,Yes,2,2,0,0,1,0,1,0
PDHA1,No,25,1.78E-04,6.69E-02,No,Yes,2,2,0,1,1,0,0,0
HOXC9,No,55,1.80E-04,1.53E-01,No,Yes,2,2,0,1,0,0,1,0
DNAH3,No,44,1.81E-04,9.98E-02,No,Yes,2,2,0,1,0,0,1,0
DNAH6,No,42,1.85E-04,9.10E-02,Yes,Yes,2,2,0,1,0,0,1,0
NDUFS7,No,8,1.91E-04,4.60E-03,No,Yes,2,2,0,0,1,0,1,0
RABGAP1,No,24,2.08E-04,6.10E-02,No,Yes,2,2,0,1,0,0,1,0
ECT2L,No,49,2.08E-04,1.56E-01,Yes,Yes,2,2,0,1,0,0,1,0
TNNC1,No,28,2.14E-04,8.36E-02,No,Yes,2,2,0,0,1,0,1,0
RBFOX2,No,37,2.17E-04,9.74E-02,Yes,Yes,2,2,0,0,1,0,1,0
TIMP3,No,28,2.31E-04,1.05E-01,Yes,Yes,2,2,0,0,1,0,1,0
ADAMTS1,No,37,2.47E-04,1.35E-01,No,Yes,2,2,0,0,1,0,1,0
CYP26A1,No,42,2.55E-04,1.31E-01,Yes,Yes,2,2,0,0,0,0,1,1
CFL2,No,71,2.61E-04,2.18E-01,Yes,Yes,2,2,0,0,1,0,1,0
H1-2,No,41,2.75E-04,1.29E-01,Yes,Yes,2,2,0,0,1,0,1,0
ID2,No,58,2.76E-04,1.91E-01,No,Yes,2,2,0,0,1,0,1,0
DCHS1,No,53,2.78E-04,1.64E-01,No,Yes,2,2,0,1,0,0,1,0
POSTN,No,12,2.82E-04,5.04E-02,No,Yes,2,2,0,0,1,0,1,0
APOB,No,25,2.86E-04,4.32E-02,No,Yes,2,2,0,1,0,0,1,0
NFYC,No,48,2.89E-04,1.55E-01,No,Yes,2,2,0,0,1,0,1,0
PROX1,No,61,2.89E-04,2.19E-01,Yes,Yes,2,2,0,0,1,0,0,1
HECTD1,No,45,2.92E-04,1.09E-01,Yes,Yes,2,2,0,0,0,0,1,1
THBS1,No,34,3.04E-04,7.32E-02,No,Yes,2,2,0,0,2,0,0,0
EPAS1,No,87,3.07E-04,2.93E-01,No,Yes,1,2,0,1,0,0,0,1
CEP135,No,13,3.08E-04,8.83E-03,No,Yes,2,2,0,1,0,0,1,0
S100A9,No,25,3.10E-04,7.37E-02,Yes,Yes,2,2,0,0,1,0,1,0
FANCM,No,39,3.13E-04,9.87E-02,Yes,Yes,2,2,0,1,0,0,1,0
SALL1,No,75,3.31E-04,2.33E-01,Yes,No,2,2,0,0,1,0,0,1
LEFTY1,Yes,98,3.37E-04,3.71E-01,No,Yes,2,2,1,0,0,0,1,0
HEY1,No,88,3.40E-04,3.29E-01,No,Yes,2,2,0,0,0,0,1,1
TLE4,No,89,3.47E-04,3.04E-01,No,Yes,2,2,0,0,1,0,1,0
NDUFB10,No,12,3.55E-04,1.16E-02,No,Yes,2,2,0,0,1,0,1,0
HSDL2,No,32,3.58E-04,7.05E-02,No,Yes,2,2,0,0,1,0,1,0
DNAH1,No,49,3.60E-04,1.02E-01,Yes,Yes,2,2,0,2,0,0,0,0
PPP2R5E,No,58,3.62E-04,1.98E-01,Yes,Yes,2,2,0,0,1,0,1,0
PEG3,No,74,3.90E-04,2.46E-01,Yes,Yes,2,2,0,0,1,0,1,0
HOXC4,No,80,3.96E-04,2.52E-01,No,Yes,2,2,1,0,0,0,1,0
CDK8,No,75,4.05E-04,2.67E-01,Yes,Yes,1,2,0,1,0,0,0,1
HNRNPK,No,56,4.16E-04,1.87E-01,No,Yes,2,2,0,1,0,0,1,0
MB,No,16,4.16E-04,4.31E-02,Yes,Yes,2,2,0,0,1,0,1,0
WDR20,No,37,4.23E-04,1.11E-01,No,Yes,2,2,0,0,1,0,1,0
ALDOB,No,36,4.30E-04,6.35E-02,No,Yes,2,2,0,0,1,0,1,0
CAV3,No,35,4.59E-04,7.91E-02,No,Yes,2,2,0,0,1,0,1,0
IRX5,No,64,4.73E-04,2.06E-01,No,Yes,2,2,0,1,1,0,0,0
SNU13,No,32,4.79E-04,4.56E-02,Yes,Yes,2,2,0,0,1,0,1,0
SOX11,No,105,4.89E-04,3.49E-01,No,Yes,2,2,0,0,1,0,1,0
NRP1,No,46,4.92E-04,1.13E-01,No,Yes,2,2,1,0,0,0,0,1
CYCS,No,44,5.00E-04,9.44E-02,No,Yes,2,2,0,0,1,0,1,0
CSNK1A1,No,94,5.01E-04,2.95E-01,No,Yes,2,2,0,0,1,0,1,0
PLAGL1,No,76,5.05E-04,2.43E-01,No,Yes,2,2,0,1,0,0,0,1
HOXB1,No,99,5.18E-04,3.12E-01,No,Yes,2,2,0,1,0,0,0,1
TRAF3IP1,No,12,5.21E-04,2.86E-02,No,Yes,2,2,0,1,0,0,1,0
SFRP5,No,91,5.33E-04,3.31E-01,No,Yes,2,2,0,0,1,0,1,0
KRT8,No,21,5.35E-04,4.91E-02,No,Yes,2,2,0,0,1,0,1,0
ZFP36L1,No,52,5.39E-04,1.25E-01,Yes,Yes,2,2,0,0,0,0,1,1
STAT6,Yes,96,5.42E-04,3.55E-01,No,Yes,2,2,0,0,1,0,1,0
AXIN2,Yes,120,5.47E-04,4.36E-01,No,Yes,2,2,0,1,1,0,0,0
FGF1,No,86,5.56E-04,3.15E-01,No,Yes,2,2,0,0,1,0,1,0
RNF41,No,47,5.61E-04,1.41E-01,No,Yes,2,2,1,0,0,0,1,0
SLC4A1,No,16,5.74E-04,3.66E-02,Yes,Yes,2,2,0,0,1,1,0,0
KIF27,No,64,5.90E-04,1.70E-01,No,Yes,2,2,0,1,0,0,1,0
ZNF618,No,79,5.91E-04,2.36E-01,No,Yes,2,2,0,1,0,0,1,0
PPP2R2A,No,83,6.30E-04,2.60E-01,No,Yes,2,2,0,0,1,0,1,0
TAGLN,No,26,6.31E-04,5.08E-02,No,Yes,2,2,0,0,2,0,0,0
PPP2R5C,No,66,6.45E-04,2.16E-01,No,Yes,2,2,0,0,1,0,1,0
SNAI3,No,23,6.52E-04,8.04E-02,Yes,Yes,2,2,0,1,0,0,1,0
WNT8B,Yes,137,6.61E-04,4.76E-01,No,Yes,2,2,0,0,1,0,1,0
E2F6,No,63,6.64E-04,2.21E-01,No,Yes,2,2,0,1,0,0,1,0
PPP2R2B,No,80,7.34E-04,2.33E-01,No,Yes,2,2,0,0,1,0,1,0
TLE1,No,96,7.41E-04,3.23E-01,No,Yes,2,2,0,0,1,0,1,0
LTBP3,No,91,7.45E-04,2.69E-01,Yes,No,2,2,0,1,0,0,1,0
SRPK2,No,34,7.68E-04,8.15E-02,No,Yes,2,2,0,1,0,0,1,0
SOX17,Yes,128,7.98E-04,4.32E-01,No,Yes,2,2,0,1,1,0,0,0
CAV1,No,80,8.10E-04,2.46E-01,No,Yes,2,2,0,0,1,0,1,0
TBXT,Yes,110,8.19E-04,3.47E-01,No,Yes,2,2,0,0,0,0,1,1
JUND,No,100,8.46E-04,3.31E-01,No,Yes,2,2,0,0,1,0,1,0
KIF7,No,74,8.92E-04,1.97E-01,Yes,No,2,2,0,1,0,0,1,0
DNAAF1,No,61,8.97E-04,1.19E-01,Yes,No,2,2,0,2,0,0,0,0
MCHR1,No,19,8.98E-04,4.32E-02,Yes,Yes,2,2,0,1,0,0,1,0
PSEN2,No,86,9.12E-04,2.64E-01,No,Yes,2,2,0,1,1,0,0,0
FRZB,Yes,111,9.24E-04,3.97E-01,No,Yes,2,2,0,1,1,0,0,0
WNT7B,Yes,155,9.56E-04,5.22E-01,Yes,Yes,2,2,0,0,1,0,1,0
FZD2,No,105,9.65E-04,3.71E-01,Yes,Yes,2,2,0,0,0,1,0,1
WNT11,Yes,160,9.71E-04,5.45E-01,Yes,Yes,2,2,0,0,2,0,0,0
MSX2,Yes,139,9.79E-04,4.35E-01,Yes,Yes,2,2,0,0,0,0,1,1
IRX1,No,96,9.93E-04,3.06E-01,No,Yes,2,2,0,1,0,0,1,0
CCDC22,No,5,1.03E-03,7.07E-03,Yes,No,1,2,0,1,0,0,0,1
ERP44,No,33,1.04E-03,5.92E-02,No,Yes,2,2,0,0,0,0,1,1
SOX10,Yes,136,1.04E-03,4.45E-01,Yes,Yes,2,2,0,0,1,0,1,0
SHOX2,No,112,1.07E-03,3.53E-01,No,Yes,2,2,0,0,0,0,0,2
POLA1,No,60,1.08E-03,1.41E-01,Yes,No,1,2,0,0,0,0,1,1
TAB1,No,92,1.09E-03,2.87E-01,Yes,Yes,2,2,0,0,1,0,1,0
EYS,No,88,1.12E-03,2.57E-01,No,Yes,2,2,0,1,0,0,1,0
FZD7,No,113,1.12E-03,3.99E-01,Yes,Yes,2,2,0,0,1,0,1,0
COL3A1,No,85,1.18E-03,2.71E-01,Yes,Yes,2,2,0,1,1,0,0,0
WNT2,Yes,182,1.20E-03,6.16E-01,No,Yes,2,2,0,0,1,0,1,0
TEK,Yes,123,1.22E-03,4.18E-01,No,Yes,2,2,0,2,0,0,0,0
RARG,No,85,1.23E-03,2.73E-01,No,Yes,2,2,0,0,1,0,1,0
PTPN23,No,94,1.26E-03,2.87E-01,No,Yes,2,2,0,1,0,0,1,0
WNT4,Yes,168,1.27E-03,5.66E-01,No,Yes,2,2,0,1,1,0,0,0
EPHX2,No,37,1.28E-03,8.38E-02,No,Yes,2,2,0,0,1,0,1,0
CSNK1D,No,95,1.28E-03,2.49E-01,Yes,Yes,2,2,0,0,1,0,1,0
CDK5RAP2,No,25,1.32E-03,3.31E-02,Yes,Yes,2,2,0,1,0,0,1,0
MEF2D,Yes,136,1.40E-03,4.30E-01,No,Yes,2,2,0,0,0,0,1,1
EFTUD2,No,62,1.41E-03,1.05E-01,Yes,Yes,2,2,0,1,0,1,0,0
DAAM1,No,103,1.44E-03,3.03E-01,Yes,Yes,2,2,0,0,0,0,1,1
AHI1,No,52,1.52E-03,1.62E-01,Yes,Yes,2,2,0,1,0,0,1,0
RIPK3,No,97,1.52E-03,2.40E-01,Yes,Yes,2,2,0,0,1,0,1,0
EFCAB6,No,90,1.54E-03,1.80E-01,Yes,Yes,2,2,0,1,0,0,1,0
NFYB,No,103,1.57E-03,2.85E-01,Yes,Yes,2,2,0,0,1,1,0,0
FLT1,Yes,143,1.69E-03,4.75E-01,No,Yes,2,2,0,1,1,0,0,0
MKS1,No,4,1.75E-03,4.10E-03,Yes,Yes,2,2,0,0,0,0,1,1
ABCA1,No,54,1.76E-03,1.83E-01,No,Yes,2,2,0,0,1,0,1,0
HNF1A,Yes,110,1.80E-03,3.75E-01,Yes,Yes,2,2,0,0,1,0,1,0
FOXC2,Yes,169,1.84E-03,5.55E-01,Yes,Yes,2,2,1,1,0,0,0,0
CSNK1E,No,90,1.95E-03,2.23E-01,Yes,Yes,2,2,0,0,1,0,1,0
SOX4,Yes,136,1.97E-03,4.50E-01,Yes,Yes,2,2,0,0,1,0,1,0
SMYD1,No,122,1.99E-03,3.31E-01,Yes,Yes,2,2,0,0,1,0,1,0
CAMLG,No,2,2.10E-03,5.24E-03,Yes,Yes,2,2,0,1,0,0,1,0
MYOZ1,No,4,2.10E-03,8.89E-03,No,Yes,2,2,0,0,1,0,1,0
LRRFIP1,No,5,2.11E-03,9.25E-03,No,Yes,2,2,0,0,1,0,1,0
PLOD2,No,9,2.12E-03,1.14E-02,Yes,Yes,2,2,0,0,1,0,1,0
PIBF1,No,7,2.14E-03,4.29E-03,No,Yes,2,2,0,1,0,0,1,0
RARA,Yes,132,2.15E-03,4.15E-01,No,Yes,2,2,0,0,1,0,0,1
SPAG1,No,79,2.17E-03,2.09E-01,Yes,Yes,2,2,0,1,0,0,1,0
CCDC40,No,3,2.18E-03,3.46E-04,Yes,No,2,2,0,1,0,0,1,0
SETD2,Yes,151,2.22E-03,4.63E-01,No,Yes,2,2,0,0,1,0,1,0
WNT1,Yes,196,2.36E-03,6.33E-01,No,Yes,2,2,0,0,1,0,0,1
NUP153,No,36,2.43E-03,8.46E-02,Yes,No,2,2,0,1,0,0,1,0
DNM2,No,89,2.49E-03,2.62E-01,Yes,Yes,2,2,0,1,0,0,1,0
NPRL3,No,37,2.49E-03,8.18E-02,Yes,Yes,2,2,0,0,0,0,1,1
DVL2,Yes,152,2.54E-03,4.75E-01,No,Yes,2,2,0,0,1,0,0,1
MAP3K7,Yes,170,2.71E-03,4.92E-01,Yes,Yes,2,2,0,0,1,0,1,0
MCM7,No,115,2.80E-03,3.33E-01,No,Yes,2,2,0,0,1,0,1,0
PAX3,Yes,193,2.89E-03,6.28E-01,No,Yes,2,2,0,0,0,0,1,1
DLK1,Yes,118,2.93E-03,4.11E-01,No,Yes,2,2,0,0,1,0,0,1
ERBB3,Yes,179,3.08E-03,5.55E-01,Yes,Yes,2,2,0,0,1,0,1,0
ATP2B4,No,73,3.28E-03,1.57E-01,No,Yes,2,2,0,1,0,0,1,0
FOXO1,Yes,182,3.33E-03,5.90E-01,No,Yes,2,2,0,1,0,0,1,0
ILK,Yes,159,3.74E-03,4.72E-01,No,Yes,2,2,0,0,1,0,1,0
ZFPM1,No,92,3.99E-03,2.73E-01,Yes,No,2,2,0,0,1,0,1,0
LMNA,No,108,4.38E-03,2.88E-01,Yes,Yes,2,2,0,1,0,0,1,0
AGTR1,No,74,4.46E-03,2.17E-01,Yes,Yes,2,2,0,0,1,0,1,0
FGFR1,Yes,179,4.48E-03,5.94E-01,No,Yes,2,2,0,1,1,0,0,0
GLI2,Yes,239,4.52E-03,7.44E-01,Yes,Yes,2,2,0,1,0,0,0,1
DDX39A,No,83,5.31E-03,1.53E-01,No,Yes,2,2,0,0,1,0,1,0
GLI1,Yes,257,5.47E-03,7.97E-01,No,Yes,2,2,0,1,0,0,1,0
JUP,Yes,153,5.57E-03,4.55E-01,No,Yes,2,2,0,1,0,0,0,1
MEOX2,No,101,5.58E-03,3.06E-01,No,Yes,2,2,0,0,0,0,1,1
SIRT1,Yes,153,6.41E-03,4.41E-01,No,Yes,2,2,0,1,0,0,1,0
NFKB1,Yes,185,6.67E-03,5.32E-01,No,Yes,1,2,2,0,0,0,0,0
GUK1,No,108,6.89E-03,2.90E-01,No,Yes,2,2,0,0,1,0,1,0
HDAC3,Yes,180,7.17E-03,4.86E-01,No,Yes,2,2,0,0,1,0,1,0
HDAC1,Yes,250,7.25E-03,6.91E-01,Yes,Yes,2,2,0,1,0,0,0,1
CDK4,Yes,211,7.59E-03,5.55E-01,No,Yes,2,2,0,0,0,0,1,1
NTRK2,Yes,237,8.13E-03,6.33E-01,No,Yes,2,2,0,0,1,0,1,0
PTEN,Yes,259,8.27E-03,7.59E-01,No,Yes,2,2,0,0,0,0,1,1
TP53,Yes,186,9.55E-03,4.85E-01,Yes,Yes,2,2,0,0,1,0,0,1
CDK2,Yes,225,1.15E-02,5.61E-01,No,Yes,2,2,0,0,0,0,1,1
KDM6A,Yes,261,1.28E-02,7.20E-01,Yes,Yes,2,2,0,1,0,0,1,0
ACTG1,Yes,242,1.29E-02,6.31E-01,Yes,No,2,2,0,0,1,0,1,0
FZR1,Yes,269,1.33E-02,7.55E-01,Yes,Yes,2,2,0,1,0,0,1,0
CTNNB1,Yes,305,1.39E-02,8.71E-01,No,Yes,2,2,0,0,1,0,0,1
SRC,Yes,371,2.80E-02,8.84E-01,Yes,Yes,2,2,0,0,2,0,0,0
AKT1,Yes,450,4.86E-02,1.00E+00,No,Yes,2,2,0,0,1,0,1,0
NKAIN4,No,'-,'-,'-,Yes,Yes,2,2,0,1,0,0,1,0
ADAMTS10,No,'-,'-,'-,Yes,Yes,2,2,0,1,0,0,1,0
LOC101928174,No,'-,'-,'-,No,Yes,2,2,0,1,0,1,0,0
DONSON,No,'-,'-,'-,Yes,Yes,2,2,0,0,0,0,1,1
PCDHGA4,No,'-,'-,'-,No,Yes,2,2,0,1,0,0,1,0
OBSCN,No,'-,'-,'-,No,Yes,2,2,0,1,0,0,1,0
RBM10,No,'-,'-,'-,Yes,No,2,2,0,2,0,0,0,0
LBH,No,'-,'-,'-,Yes,Yes,2,2,0,0,1,0,0,1
MYO15B,No,'-,'-,'-,Yes,Yes,2,2,0,1,0,0,1,0
OPA1,No,'-,'-,'-,Yes,No,2,2,0,1,0,0,1,0
THSD1,No,'-,'-,'-,No,Yes,2,2,0,1,0,0,1,0
GAMT,No,'-,'-,'-,No,Yes,2,2,0,0,1,0,1,0
MIR6785,No,'-,'-,'-,Yes,Yes,2,2,0,1,0,0,1,0
MDFIC,No,'-,'-,'-,No,Yes,2,2,0,1,0,0,1,0
HTR2B,No,'-,'-,'-,No,Yes,2,2,0,0,0,0,0,2
FGF10-AS1,No,'-,'-,'-,Yes,Yes,2,2,1,0,0,0,1,0
PLD1,No,'-,'-,'-,No,Yes,1,2,0,1,0,0,0,1
TMEM50B,No,'-,'-,'-,Yes,Yes,2,2,0,0,0,0,1,1
RBP4,No,'-,'-,'-,No,Yes,2,2,0,0,1,0,1,0
C5orf46,No,'-,'-,'-,No,Yes,2,2,0,0,1,0,1,0
DVL1,No,'-,'-,'-,No,Yes,2,2,0,1,0,0,0,1
NXPH1,No,'-,'-,'-,Yes,Yes,2,2,0,0,0,0,1,1
OR7E24,No,'-,'-,'-,No,Yes,2,2,0,1,0,0,1,0
PMFBP1,No,'-,'-,'-,No,Yes,2,2,0,1,0,0,1,0
SOX2-OT,No,'-,'-,'-,No,Yes,2,2,0,0,1,0,1,0
KRTAP7-1,No,'-,'-,'-,Yes,Yes,2,2,0,1,0,0,1,0
SPEF2,No,'-,'-,'-,Yes,Yes,2,2,0,1,0,0,1,0
DMD,No,'-,'-,'-,No,Yes,2,2,0,0,1,0,1,0
RUNX1T1,No,'-,'-,'-,No,Yes,2,2,0,0,0,0,1,1
SMO,No,'-,'-,'-,No,Yes,2,2,1,0,1,0,0,0
NPHP3,No,'-,'-,'-,No,Yes,2,2,0,2,0,0,0,0
CFL1,No,'-,'-,'-,No,Yes,2,2,0,0,2,0,0,0
APC,No,'-,'-,'-,No,Yes,2,2,0,1,1,0,0,0
GREB1L,No,'-,'-,'-,Yes,No,1,2,0,1,0,0,0,1
SMIM20,No,'-,'-,'-,Yes,Yes,2,2,0,0,1,0,1,0
TMEM121,No,'-,'-,'-,No,Yes,2,2,1,0,0,0,1,0
HLCS,No,'-,'-,'-,Yes,Yes,2,2,0,0,0,0,1,1
CDH23-AS1,No,'-,'-,'-,No,Yes,2,2,0,1,0,0,1,0
MATR3,No,'-,'-,'-,No,Yes,2,2,0,0,0,0,1,1
HOTAIR,No,'-,'-,'-,No,Yes,2,2,0,0,0,0,1,1
RAC1,No,'-,'-,'-,No,Yes,2,2,0,1,1,0,0,0
DNAH14,No,'-,'-,'-,No,Yes,2,2,0,1,0,0,1,0
CCDC43,No,'-,'-,'-,Yes,Yes,2,2,0,0,1,1,0,0
DPF3,No,'-,'-,'-,Yes,Yes,2,2,0,0,1,0,1,0
CDH3,No,'-,'-,'-,No,Yes,2,2,0,1,1,0,0,0
TCEAL2,No,1,0.00E+00,6.79E-05,No,Yes,1,1,0,0,1,0,0,0
CCDC65,No,1,0.00E+00,3.45E-04,Yes,No,1,1,0,1,0,0,0,0
TTLL6,No,1,0.00E+00,9.18E-04,No,Yes,1,1,0,1,0,0,0,0
EMC1,No,2,0.00E+00,9.71E-04,No,Yes,1,1,0,0,0,0,0,1
CSH1,No,1,0.00E+00,1.44E-03,No,Yes,1,1,0,0,1,0,0,0
CNTLN,No,1,0.00E+00,1.74E-03,No,Yes,1,1,0,1,0,0,0,0
TJAP1,No,1,0.00E+00,2.13E-03,No,Yes,1,1,0,0,1,0,0,0
PLTP,No,2,0.00E+00,2.20E-03,Yes,No,1,1,0,0,1,0,0,0
TMEM100,No,1,0.00E+00,2.25E-03,No,Yes,1,1,0,0,0,0,0,1
LETM2,No,2,0.00E+00,3.09E-03,Yes,No,1,1,0,1,0,0,0,0
XK,No,1,0.00E+00,3.14E-03,No,Yes,1,1,0,0,0,0,0,1
PANK2,No,1,0.00E+00,3.70E-03,No,Yes,1,1,0,0,1,0,0,0
EVI2A,No,1,0.00E+00,4.36E-03,No,Yes,1,1,0,0,1,0,0,0
LY6E,No,2,0.00E+00,4.74E-03,No,Yes,1,1,0,0,0,0,0,1
STRADA,No,2,0.00E+00,1.07E-02,Yes,No,1,1,0,1,0,0,0,0
AMER1,No,4,0.00E+00,1.59E-02,Yes,No,1,1,0,1,0,0,0,0
MAP7D1,No,5,0.00E+00,1.77E-02,No,Yes,1,1,0,0,1,0,0,0
MAML2,No,8,1.15E-08,3.50E-02,No,Yes,1,1,0,0,1,0,0,0
STAP1,No,4,9.48E-08,1.67E-02,No,Yes,1,1,0,0,1,0,0,0
HEATR3,No,2,1.08E-07,9.56E-03,No,Yes,1,1,0,0,1,0,0,0
MAP4K1,No,9,1.36E-07,4.30E-02,No,Yes,1,1,0,0,1,0,0,0
F11R,No,3,1.98E-07,1.10E-02,No,Yes,1,1,0,0,1,0,0,0
PRDM7,No,3,2.12E-07,6.73E-03,No,Yes,1,1,0,1,0,0,0,0
APOC3,No,3,3.45E-07,6.91E-03,No,Yes,1,1,0,0,1,0,0,0
GXYLT1,No,8,4.55E-07,3.32E-02,No,Yes,1,1,0,1,0,0,0,0
GUSB,No,4,6.23E-07,1.26E-02,Yes,No,1,1,0,1,0,0,0,0
CASQ2,No,3,6.34E-07,6.95E-03,No,Yes,1,1,0,0,1,0,0,0
TRPV3,No,8,6.99E-07,1.44E-02,Yes,No,1,1,0,0,0,0,0,1
ATP5IF1,No,4,7.88E-07,1.13E-02,No,Yes,1,1,0,0,1,0,0,0
TMEM43,No,3,8.74E-07,4.15E-03,No,Yes,1,1,0,1,0,0,0,0
OVGP1,No,5,1.01E-06,1.39E-02,Yes,No,1,1,0,1,0,0,0,0
SLC35B2,No,6,1.05E-06,3.04E-02,No,Yes,1,1,0,1,0,0,0,0
AHSP,No,3,1.81E-06,2.75E-03,No,Yes,1,1,0,0,1,0,0,0
SLC26A6,No,4,1.88E-06,8.06E-03,Yes,No,1,1,0,1,0,0,0,0
MRTFB,No,15,1.92E-06,5.81E-02,No,Yes,1,1,0,0,0,0,0,1
PHKB,No,7,2.14E-06,1.07E-02,No,Yes,1,1,0,0,1,0,0,0
PTCHD3,No,6,2.27E-06,1.59E-02,No,Yes,1,1,0,0,1,0,0,0
FANCL,No,7,2.72E-06,1.34E-02,No,Yes,1,1,0,1,0,0,0,0
KATNB1,No,2,2.75E-06,1.43E-03,No,Yes,1,1,0,0,0,0,0,1
TMED8,No,4,2.98E-06,1.10E-02,No,Yes,1,1,0,1,0,0,0,0
MYBPC1,No,10,3.49E-06,2.73E-02,No,Yes,1,1,0,0,1,0,0,0
CAPNS1,No,7,3.78E-06,1.32E-02,No,Yes,1,1,0,0,1,0,0,0
S100A8,No,4,4.45E-06,1.15E-02,No,Yes,1,1,0,0,1,0,0,0
HAX1,No,4,4.64E-06,1.03E-02,Yes,No,1,1,0,1,0,0,0,0
ABAT,No,10,4.98E-06,2.89E-02,No,Yes,1,1,0,0,1,0,0,0
TEKT1,No,7,5.33E-06,1.75E-02,No,Yes,1,1,0,1,0,0,0,0
SHROOM3,No,14,5.34E-06,6.12E-02,Yes,No,1,1,0,1,0,0,0,0
KREMEN2,No,13,5.52E-06,4.91E-02,No,Yes,1,1,0,0,1,0,0,0
NRBP2,No,6,5.96E-06,1.53E-02,Yes,No,1,1,0,1,0,0,0,0
HMBS,No,2,6.00E-06,1.84E-03,No,Yes,1,1,0,0,1,0,0,0
RAPGEF4,No,18,6.15E-06,8.36E-02,No,Yes,1,1,0,1,0,0,0,0
SH3BGRL3,No,3,6.48E-06,5.66E-03,No,Yes,1,1,0,0,1,0,0,0
POC1B,No,2,6.56E-06,2.45E-04,No,Yes,1,1,0,0,0,0,0,1
FGD5,No,5,6.74E-06,1.03E-02,No,Yes,1,1,0,1,0,0,0,0
DKK4,No,32,7.07E-06,1.18E-01,No,Yes,1,1,0,0,1,0,0,0
CD36,No,6,7.56E-06,2.60E-02,No,Yes,1,1,0,0,1,0,0,0
MT2A,No,8,8.32E-06,1.83E-02,No,Yes,1,1,0,0,1,0,0,0
CROCC,No,3,8.36E-06,3.34E-03,No,Yes,1,1,0,1,0,0,0,0
TUBGCP4,No,4,8.56E-06,4.41E-03,No,Yes,1,1,0,1,0,0,0,0
ADD2,No,10,8.77E-06,3.51E-02,No,Yes,1,1,0,0,1,0,0,0
ELOA,No,13,8.95E-06,3.70E-02,No,Yes,1,1,0,1,0,0,0,0
DTNA,No,12,9.11E-06,2.54E-02,No,Yes,1,1,0,1,0,0,0,0
SHC4,No,35,9.46E-06,1.41E-01,Yes,No,1,1,0,0,1,0,0,0
WDPCP,No,4,9.54E-06,1.50E-03,Yes,No,1,1,0,1,0,0,0,0
KRT35,No,5,1.01E-05,2.04E-03,No,Yes,1,1,0,1,0,0,0,0
DTX4,No,22,1.13E-05,6.64E-02,No,Yes,1,1,0,0,1,0,0,0
ID3,No,17,1.21E-05,5.81E-02,No,Yes,1,1,0,0,1,0,0,0
ELK3,No,28,1.35E-05,9.93E-02,Yes,No,1,1,0,1,0,0,0,0
ATXN1,No,12,1.41E-05,3.13E-02,No,Yes,1,1,0,1,0,0,0,0
GJA4,No,12,1.42E-05,3.21E-02,No,Yes,1,1,0,0,0,0,0,1
TEKT2,No,10,1.44E-05,1.99E-02,No,Yes,1,1,0,0,1,0,0,0
TTI1,No,17,1.44E-05,4.11E-02,No,Yes,1,1,0,0,1,0,0,0
LYZ,No,5,1.47E-05,1.43E-02,No,Yes,1,1,0,0,1,0,0,0
NNMT,No,5,1.49E-05,1.64E-02,No,Yes,1,1,0,0,1,0,0,0
CALCRL,No,5,1.54E-05,1.65E-02,No,Yes,1,1,0,0,1,0,0,0
APH1A,No,18,1.67E-05,5.64E-02,No,Yes,1,1,0,0,1,0,0,0
PHC1,No,27,1.69E-05,8.32E-02,No,Yes,1,1,0,0,0,0,0,1
SRCIN1,No,6,1.71E-05,2.59E-02,No,Yes,1,1,0,0,1,0,0,0
CACYBP,No,8,1.75E-05,1.47E-02,Yes,No,1,1,0,0,1,0,0,0
GJB2,No,16,2.05E-05,5.41E-02,No,Yes,1,1,0,1,0,0,0,0
MNDA,No,9,2.06E-05,3.15E-02,No,Yes,1,1,0,1,0,0,0,0
KCNJ8,No,14,2.33E-05,2.39E-02,No,Yes,1,1,0,0,1,0,0,0
TRMT2B,No,6,2.37E-05,1.27E-02,No,Yes,1,1,0,0,1,0,0,0
LIN7A,No,12,2.40E-05,4.11E-02,No,Yes,1,1,0,0,1,0,0,0
KCNJ11,No,16,2.44E-05,3.82E-02,No,Yes,1,1,0,0,1,0,0,0
PKHD1L1,No,16,2.45E-05,4.41E-02,No,Yes,1,1,0,1,0,0,0,0
STK36,No,28,2.65E-05,7.99E-02,No,Yes,1,1,0,1,0,0,0,0
TRPV1,No,13,2.75E-05,2.29E-02,Yes,No,1,1,0,0,0,0,0,1
NOX5,No,14,2.77E-05,5.65E-02,No,Yes,1,1,0,0,1,0,0,0
PLRG1,No,15,2.96E-05,1.38E-02,No,Yes,1,1,0,1,0,0,0,0
NEK8,No,10,3.11E-05,3.16E-02,Yes,No,1,1,0,1,0,0,0,0
USF2,No,45,3.35E-05,1.78E-01,No,Yes,1,1,0,0,1,0,0,0
ND1,No,4,3.50E-05,2.38E-03,No,Yes,1,1,0,0,1,0,0,0
TCEA3,No,22,3.60E-05,6.55E-02,No,Yes,1,1,0,0,1,0,0,0
PYCARD,No,10,3.79E-05,3.01E-02,No,Yes,1,1,0,0,1,0,0,0
PDS5A,No,21,3.82E-05,5.37E-02,Yes,No,1,1,0,0,0,0,0,1
DDB2,No,21,4.08E-05,7.13E-02,No,Yes,1,1,0,0,1,0,0,0
PFKFB2,No,14,4.16E-05,4.18E-02,No,Yes,1,1,0,0,1,0,0,0
TOB1,No,29,4.28E-05,1.17E-01,No,Yes,1,1,0,0,0,0,0,1
NPHS2,No,24,4.51E-05,8.37E-02,Yes,No,1,1,0,1,0,0,0,0
CNOT2,No,17,4.52E-05,4.00E-02,No,Yes,1,1,0,1,0,0,0,0
TIMP4,No,10,4.58E-05,3.26E-02,No,Yes,1,1,0,0,1,0,0,0
EFHB,No,38,4.99E-05,1.07E-01,Yes,No,1,1,0,1,0,0,0,0
ETV2,No,42,5.23E-05,1.35E-01,No,Yes,1,1,0,0,1,0,0,0
KRT13,No,8,5.84E-05,1.47E-02,No,Yes,1,1,0,0,1,0,0,0
SQOR,No,10,6.08E-05,1.29E-02,No,Yes,1,1,0,0,1,0,0,0
KRT6A,No,6,6.21E-05,8.36E-03,No,Yes,1,1,0,0,1,0,0,0
GSTM3,No,23,6.22E-05,6.84E-02,No,Yes,1,1,0,0,0,0,0,1
MMP13,No,38,6.64E-05,1.32E-01,No,Yes,1,1,0,0,1,0,0,0
CYP2J2,No,16,6.99E-05,4.87E-02,Yes,No,1,1,0,0,0,0,0,1
ARID1A,No,64,7.00E-05,2.52E-01,No,Yes,1,1,0,0,0,0,0,1
ARID3B,No,40,7.02E-05,1.30E-01,No,Yes,1,1,0,0,0,0,0,1
XPC,No,30,7.26E-05,8.51E-02,No,Yes,1,1,0,0,1,0,0,0
TOPORS,No,12,7.28E-05,2.34E-02,No,Yes,1,1,0,1,0,0,0,0
PNO1,No,19,7.32E-05,3.66E-02,No,Yes,1,1,0,0,1,0,0,0
NDUFB9,No,7,7.51E-05,2.28E-03,No,Yes,1,1,0,0,1,0,0,0
PPP1R9A,No,16,7.57E-05,3.28E-02,No,Yes,1,1,0,1,0,0,0,0
PMM2,No,15,7.62E-05,3.70E-02,Yes,No,1,1,0,1,0,0,0,0
SEMA3C,No,29,7.73E-05,9.87E-02,No,Yes,1,1,0,0,0,0,0,1
CTSH,No,13,7.76E-05,2.10E-02,No,Yes,1,1,0,1,0,0,0,0
EFNA1,No,45,7.92E-05,1.77E-01,No,Yes,1,1,0,0,0,0,0,1
DNAI4,No,40,7.94E-05,1.22E-01,No,Yes,1,1,0,1,0,0,0,0
ADAR,No,5,8.12E-05,1.36E-02,No,Yes,1,1,0,0,1,0,0,0
BBS2,No,12,8.16E-05,2.68E-02,Yes,No,1,1,0,1,0,0,0,0
PDE2A,No,21,8.45E-05,3.98E-02,No,Yes,1,1,0,0,0,0,0,1
SOX13,No,47,8.81E-05,1.52E-01,No,Yes,1,1,0,0,1,0,0,0
GLUL,No,26,8.96E-05,7.66E-02,No,Yes,1,1,0,0,1,0,0,0
RDH10,No,15,9.08E-05,2.47E-02,No,Yes,1,1,0,1,0,0,0,0
USP34,No,36,9.09E-05,1.06E-01,No,Yes,1,1,0,1,0,0,0,0
SOX12,No,40,9.11E-05,1.22E-01,No,Yes,1,1,0,0,1,0,0,0
TFB1M,No,10,9.12E-05,1.52E-02,Yes,No,1,1,0,0,0,0,0,1
EFNB1,No,48,9.19E-05,1.83E-01,Yes,No,1,1,0,1,0,0,0,0
DHX35,No,23,9.73E-05,2.27E-02,No,Yes,1,1,0,0,1,0,0,0
ZW10,No,10,9.95E-05,1.80E-02,No,Yes,1,1,1,0,0,0,0,0
ZNF649,No,27,1.01E-04,7.37E-02,Yes,No,1,1,0,1,0,0,0,0
GNG5,No,15,1.01E-04,2.56E-02,No,Yes,1,1,0,0,0,0,0,1
NDUFAF4,No,9,1.04E-04,5.73E-03,Yes,No,1,1,0,1,0,0,0,0
DYSF,No,17,1.04E-04,4.70E-02,No,Yes,1,1,0,1,0,0,0,0
TF,No,11,1.06E-04,7.44E-03,No,Yes,1,1,0,0,1,0,0,0
DYNLT3,No,21,1.08E-04,3.78E-02,Yes,No,1,1,0,0,1,0,0,0
CD44,No,43,1.09E-04,1.53E-01,No,Yes,1,1,0,0,1,0,0,0
CFC1B,No,31,1.10E-04,7.75E-02,No,Yes,1,1,0,0,1,0,0,0
PSIP1,No,38,1.12E-04,9.86E-02,No,Yes,1,1,0,0,0,0,0,1
NCSTN,No,33,1.14E-04,1.09E-01,No,Yes,1,1,0,0,1,0,0,0
ADAP2,No,25,1.15E-04,7.61E-02,Yes,No,1,1,0,0,0,0,0,1
ACE,No,16,1.22E-04,4.96E-02,No,Yes,1,1,1,0,0,0,0,0
SLC35A2,No,9,1.24E-04,1.77E-02,Yes,No,1,1,0,1,0,0,0,0
TNNI2,No,32,1.41E-04,6.17E-02,No,Yes,1,1,0,0,1,0,0,0
PTCH2,No,49,1.42E-04,1.68E-01,No,Yes,1,1,0,1,0,0,0,0
ID1,No,54,1.44E-04,1.80E-01,No,Yes,1,1,0,0,0,0,0,1
KRT7,No,8,1.45E-04,1.91E-02,No,Yes,1,1,0,0,1,0,0,0
DHX38,No,33,1.49E-04,5.10E-02,No,Yes,1,1,1,0,0,0,0,0
TNNI1,No,33,1.52E-04,6.27E-02,No,Yes,1,1,0,0,1,0,0,0
IGF2,No,22,1.62E-04,9.16E-02,Yes,No,1,1,0,0,0,0,0,1
CEP152,No,12,1.66E-04,9.14E-03,No,Yes,1,1,0,1,0,0,0,0
ANGPT1,No,48,1.67E-04,1.92E-01,No,Yes,1,1,0,0,1,0,0,0
DNAH2,No,42,1.68E-04,9.43E-02,Yes,Yes,1,1,0,1,0,0,0,0
VPS35,No,40,1.68E-04,1.49E-01,No,Yes,1,1,0,0,1,0,0,0
DNAH12,No,43,1.74E-04,1.02E-01,No,Yes,1,1,0,1,0,0,0,0
UPF2,No,16,1.82E-04,1.64E-02,No,Yes,1,1,0,1,0,0,0,0
CNOT1,No,33,1.93E-04,9.33E-02,No,Yes,1,1,0,1,0,0,0,0
TIMP1,No,25,1.98E-04,1.01E-01,No,Yes,1,1,0,0,1,0,0,0
MED23,No,28,2.01E-04,9.48E-02,No,Yes,1,1,0,1,0,0,0,0
IGHMBP2,No,32,2.04E-04,7.71E-02,Yes,No,1,1,0,1,0,0,0,0
TAGLN2,No,26,2.18E-04,4.91E-02,No,Yes,1,1,0,0,1,0,0,0
GSTP1,No,45,2.32E-04,1.48E-01,No,Yes,1,1,0,0,1,0,0,0
COX6B1,No,13,2.47E-04,9.82E-03,No,Yes,1,1,0,0,1,0,0,0
USP9X,No,58,2.50E-04,1.94E-01,Yes,No,1,1,0,1,0,0,0,0
RAB23,No,13,2.59E-04,3.76E-02,Yes,No,1,1,0,1,0,0,0,0
TEAD2,No,79,2.62E-04,2.78E-01,No,Yes,1,1,0,1,0,0,0,0
GRK2,No,38,2.63E-04,1.05E-01,No,Yes,1,1,0,0,0,0,0,1
ITPR3,No,47,2.70E-04,1.42E-01,No,Yes,1,1,0,0,0,0,0,1
TTC21B,No,5,2.89E-04,2.14E-04,No,Yes,1,1,0,1,0,0,0,0
SOX15,No,66,2.95E-04,1.96E-01,No,Yes,1,1,0,0,1,0,0,0
DNAI2,No,19,2.96E-04,2.57E-02,Yes,No,1,1,0,1,0,0,0,0
HBE1,No,13,3.02E-04,4.15E-02,No,Yes,1,1,0,0,1,0,0,0
SELE,No,53,3.07E-04,1.78E-01,Yes,No,1,1,0,1,0,0,0,0
FGF19,No,71,3.14E-04,2.71E-01,No,Yes,1,1,0,1,0,0,0,0
NFYA,No,50,3.19E-04,1.69E-01,No,Yes,1,1,0,0,1,0,0,0
DES,No,37,3.48E-04,7.95E-02,No,Yes,1,1,0,0,1,0,0,0
POU4F2,No,63,3.49E-04,1.53E-01,No,Yes,1,1,0,0,0,0,0,1
TGFB1I1,No,71,3.52E-04,2.38E-01,No,Yes,1,1,0,0,1,0,0,0
POU6F1,No,56,3.52E-04,1.29E-01,No,Yes,1,1,0,0,0,0,0,1
RPL10A,No,24,3.60E-04,4.94E-02,Yes,No,1,1,0,0,1,0,0,0
CACNA1D,No,47,3.61E-04,9.62E-02,No,Yes,1,1,0,1,0,0,0,0
CYP1B1,No,47,3.65E-04,1.49E-01,No,Yes,1,1,0,0,1,0,0,0
SNAI1,No,88,3.72E-04,3.11E-01,No,Yes,1,1,0,1,0,0,0,0
ZFP36L2,No,41,3.79E-04,8.75E-02,No,Yes,1,1,0,1,0,0,0,0
CELSR2,No,66,3.83E-04,1.99E-01,No,Yes,1,1,0,1,0,0,0,0
PDLIM5,No,74,3.84E-04,2.46E-01,No,Yes,1,1,0,0,1,0,0,0
DYNC2H1,No,54,3.98E-04,1.21E-01,No,Yes,1,1,0,1,0,0,0,0
LRRC56,No,41,4.04E-04,7.77E-02,Yes,No,1,1,0,1,0,0,0,0
FGF5,No,81,4.10E-04,3.02E-01,No,Yes,1,1,0,0,1,0,0,0
E2F4,No,90,4.21E-04,2.99E-01,No,Yes,1,1,0,1,0,0,0,0
LATS2,No,41,4.44E-04,1.28E-01,No,Yes,1,1,0,1,0,0,0,0
PPP2R5A,No,65,4.45E-04,2.14E-01,No,Yes,1,1,0,0,1,0,0,0
ALDOC,No,39,4.64E-04,6.57E-02,Yes,No,1,1,0,0,1,0,0,0
SOX5,No,103,4.80E-04,3.52E-01,No,Yes,1,1,0,0,1,0,0,0
HSBP1,No,6,4.81E-04,1.04E-02,No,Yes,1,1,0,0,1,0,0,0
POU4F1,No,82,4.93E-04,2.29E-01,No,Yes,1,1,0,0,0,0,0,1
PPP2R5D,No,66,5.04E-04,2.15E-01,No,Yes,1,1,0,0,1,0,0,0
MYOD1,No,85,5.15E-04,2.77E-01,No,Yes,1,1,0,0,1,0,0,0
SOX6,Yes,109,5.19E-04,3.66E-01,No,Yes,1,1,0,0,1,0,0,0
IRS1,No,68,5.22E-04,2.63E-01,Yes,No,1,1,0,1,0,0,0,0
MECP2,No,44,5.22E-04,1.45E-01,Yes,No,1,1,0,1,0,0,0,0
PEX6,No,39,5.23E-04,1.10E-01,No,Yes,1,1,0,1,0,0,0,0
MMP9,No,59,5.46E-04,1.76E-01,No,Yes,1,1,0,0,1,0,0,0
HSPG2,No,82,5.62E-04,2.42E-01,No,Yes,1,1,0,1,0,0,0,0
CORIN,No,57,5.98E-04,1.77E-01,No,Yes,1,1,0,1,0,0,0,0
CACNA1C,No,59,6.08E-04,1.30E-01,Yes,No,1,1,0,1,0,0,0,0
RCC1L,No,51,6.19E-04,1.22E-01,No,Yes,1,1,0,1,0,0,0,0
NLK,No,91,6.27E-04,3.07E-01,No,Yes,1,1,0,0,1,0,0,0
CSRP2,No,68,6.31E-04,1.54E-01,No,Yes,1,1,0,0,1,0,0,0
KIFC2,No,68,6.68E-04,1.71E-01,No,Yes,1,1,0,1,0,0,0,0
LRP6,No,77,6.70E-04,2.59E-01,No,Yes,1,1,0,0,1,0,0,0
POU3F3,No,88,6.82E-04,2.36E-01,No,Yes,1,1,0,1,0,0,0,0
WNT10A,Yes,132,6.86E-04,4.53E-01,No,Yes,1,1,0,0,1,0,0,0
SOX3,No,104,7.00E-04,3.38E-01,No,Yes,1,1,0,0,1,0,0,0
CYP1A1,No,49,7.06E-04,1.53E-01,No,Yes,1,1,0,0,1,0,0,0
SDHB,No,28,7.30E-04,6.80E-02,No,Yes,1,1,0,0,1,0,0,0
ESRRG,No,57,7.41E-04,1.77E-01,Yes,No,1,1,0,0,0,0,0,1
SOX8,No,101,7.50E-04,3.08E-01,No,Yes,1,1,0,0,1,0,0,0
SRSF10,No,55,8.01E-04,9.62E-02,No,Yes,1,1,0,0,0,0,0,1
IFT140,No,5,8.02E-04,1.33E-03,No,Yes,1,1,0,1,0,0,0,0
FZD6,No,96,8.07E-04,3.35E-01,No,Yes,1,1,0,0,1,0,0,0
SPTBN5,No,60,8.42E-04,1.21E-01,Yes,Yes,1,1,0,1,0,0,0,0
FBLN5,No,65,8.44E-04,1.73E-01,No,Yes,1,1,0,0,1,0,0,0
TTC12,No,60,8.48E-04,1.24E-01,No,Yes,1,1,0,1,0,0,0,0
COPS5,No,81,8.80E-04,2.59E-01,No,Yes,1,1,0,0,1,0,0,0
IRX3,No,102,8.82E-04,3.24E-01,No,Yes,1,1,0,1,0,0,0,0
FEN1,No,54,8.83E-04,1.52E-01,No,Yes,1,1,0,0,1,0,0,0
WNT5B,Yes,158,8.88E-04,5.38E-01,No,Yes,1,1,0,0,1,0,0,0
KIF6,No,70,9.29E-04,1.68E-01,Yes,No,1,1,0,1,0,0,0,0
KAT6A,No,80,9.40E-04,2.61E-01,Yes,No,1,1,0,0,0,0,0,1
WNT2B,Yes,159,9.43E-04,5.36E-01,No,Yes,1,1,0,0,1,0,0,0
SFRP2,No,111,9.46E-04,3.94E-01,No,Yes,1,1,0,0,1,0,0,0
SEPTIN12,No,30,9.72E-04,7.57E-02,No,Yes,1,1,0,1,0,0,0,0
MC1R,No,29,9.75E-04,9.29E-02,No,Yes,1,1,0,1,0,0,0,0
PAX8,Yes,126,9.83E-04,4.42E-01,No,Yes,1,1,0,0,0,0,0,1
RERG,No,104,1.02E-03,2.81E-01,No,Yes,1,1,0,1,0,0,0,0
DAG1,No,38,1.04E-03,1.12E-01,No,Yes,1,1,0,1,0,0,0,0
FZD8,No,105,1.06E-03,3.68E-01,No,Yes,1,1,0,0,1,0,0,0
WNT9A,Yes,165,1.07E-03,5.58E-01,No,Yes,1,1,0,0,1,0,0,0
LRP2,No,64,1.09E-03,2.07E-01,No,Yes,1,1,0,1,0,0,0,0
POU2F1,No,106,1.12E-03,2.98E-01,No,Yes,1,1,0,0,1,0,0,0
ATP1A2,No,65,1.14E-03,1.37E-01,No,Yes,1,1,0,0,1,0,0,0
MERTK,No,97,1.14E-03,2.71E-01,No,Yes,1,1,0,1,0,0,0,0
SNCA,No,65,1.14E-03,1.71E-01,No,Yes,1,1,0,0,1,0,0,0
SFRP1,Yes,122,1.16E-03,4.28E-01,No,Yes,1,1,0,0,1,0,0,0
BBS1,No,27,1.19E-03,8.95E-02,No,Yes,1,1,0,1,0,0,0,0
PRKG1,No,86,1.20E-03,2.80E-01,Yes,No,1,1,0,0,0,0,0,1
FBLN2,No,76,1.20E-03,1.74E-01,No,Yes,1,1,0,1,0,0,0,0
TGFB1,Yes,148,1.21E-03,5.21E-01,No,Yes,1,1,0,0,1,0,0,0
BRCA1,No,83,1.22E-03,2.52E-01,Yes,No,1,1,0,1,0,0,0,0
HOPX,Yes,120,1.27E-03,4.01E-01,No,Yes,1,1,0,0,1,0,0,0
SLC25A5,No,44,1.28E-03,9.63E-02,No,Yes,1,1,0,0,0,0,0,1
VWF,No,66,1.29E-03,1.87E-01,No,Yes,1,1,0,0,1,0,0,0
EPRS1,No,64,1.30E-03,1.65E-01,No,Yes,1,1,1,0,0,0,0,0
RPGR,No,74,1.35E-03,1.83E-01,Yes,No,1,1,0,1,0,0,0,0
IQCB1,No,97,1.38E-03,2.08E-01,Yes,No,1,1,0,1,0,0,0,0
COMMD8,No,7,1.41E-03,9.31E-03,No,Yes,1,1,0,0,1,0,0,0
TPM2,No,81,1.44E-03,1.72E-01,No,Yes,1,1,0,0,1,0,0,0
KDM5A,No,95,1.45E-03,2.95E-01,No,Yes,1,1,0,1,0,0,0,0
NPHS1,No,77,1.45E-03,2.23E-01,Yes,No,1,1,0,1,0,0,0,0
WDR19,No,5,1.46E-03,1.79E-03,No,Yes,1,1,0,1,0,0,0,0
MMP2,No,59,1.46E-03,1.79E-01,No,Yes,1,1,0,0,1,0,0,0
FZD1,Yes,128,1.47E-03,4.45E-01,No,Yes,1,1,0,0,1,0,0,0
ENO2,No,74,1.48E-03,1.73E-01,Yes,No,1,1,0,0,1,0,0,0
CCL21,No,6,1.48E-03,3.45E-03,No,Yes,1,1,0,0,1,0,0,0
SMURF1,No,123,1.51E-03,4.05E-01,No,Yes,1,1,0,1,0,0,0,0
MAML3,No,26,1.52E-03,8.35E-02,No,Yes,1,1,0,0,1,0,0,0
LEF1,Yes,149,1.54E-03,4.91E-01,No,Yes,1,1,0,0,1,0,0,0
PBRM1,Yes,150,1.59E-03,4.54E-01,No,Yes,1,1,0,0,0,0,0,1
PPEF2,No,108,1.65E-03,2.85E-01,No,Yes,1,1,0,1,0,0,0,0
NOTCH4,Yes,140,1.66E-03,4.77E-01,No,Yes,1,1,0,0,1,0,0,0
APOA1,No,35,1.77E-03,1.17E-01,No,Yes,1,1,0,0,1,0,0,0
CDC14A,No,99,1.89E-03,2.72E-01,No,Yes,1,1,0,1,0,0,0,0
ACVRL1,Yes,155,1.93E-03,4.38E-01,No,Yes,1,1,0,1,0,0,0,0
GABARAPL1,No,55,2.02E-03,1.59E-01,No,Yes,1,1,0,0,1,0,0,0
KMT2A,Yes,145,2.08E-03,4.64E-01,Yes,No,1,1,0,0,0,0,0,1
PPBP,No,3,2.10E-03,7.43E-05,No,Yes,1,1,0,0,1,0,0,0
DTX2,No,26,2.14E-03,7.61E-02,No,Yes,1,1,0,0,1,0,0,0
HUWE1,No,110,2.15E-03,2.90E-01,Yes,No,1,1,0,0,1,0,0,0
TCF7L1,Yes,148,2.15E-03,4.74E-01,No,Yes,1,1,0,0,1,0,0,0
NRG1,No,38,2.24E-03,1.33E-01,Yes,No,1,1,0,0,1,0,0,0
PPID,No,73,2.33E-03,1.42E-01,Yes,No,1,1,0,1,0,0,0,0
MYH3,No,120,2.34E-03,2.57E-01,No,Yes,1,1,0,0,0,0,0,1
MYH8,No,124,2.36E-03,2.65E-01,No,Yes,1,1,0,0,1,0,0,0
TNNI3,No,110,2.37E-03,2.28E-01,No,Yes,1,1,0,0,1,0,0,0
ARFGEF2,No,41,2.39E-03,9.55E-02,No,Yes,1,1,0,1,0,0,0,0
ZBTB16,Yes,146,2.42E-03,4.48E-01,No,Yes,1,1,0,0,1,0,0,0
EPS15,No,70,2.55E-03,1.95E-01,Yes,Yes,1,1,0,1,0,0,0,0
MYLPF,No,113,2.65E-03,2.62E-01,No,Yes,1,1,0,0,1,0,0,0
EFCAB7,No,93,2.65E-03,1.92E-01,Yes,No,1,1,0,1,0,0,0,0
FOXM1,Yes,161,2.71E-03,5.27E-01,No,Yes,1,1,0,0,0,0,0,1
ARX,No,84,2.75E-03,2.61E-01,Yes,No,1,1,0,1,0,0,0,0
CXCL12,No,9,2.76E-03,6.67E-03,No,Yes,1,1,0,0,1,0,0,0
KLF2,Yes,188,2.81E-03,6.02E-01,No,Yes,1,1,0,0,0,0,0,1
PPP2CB,No,143,2.83E-03,3.84E-01,No,Yes,1,1,0,0,1,0,0,0
LRP5,No,89,2.89E-03,2.90E-01,No,Yes,1,1,0,0,1,0,0,0
CELSR3,No,58,2.99E-03,1.77E-01,Yes,No,1,1,0,1,0,0,0,0
MYO3B,No,117,3.02E-03,2.52E-01,No,Yes,1,1,0,1,0,0,0,0
TUBB2B,No,87,3.17E-03,1.76E-01,Yes,No,1,1,0,0,1,0,0,0
CDH5,Yes,115,3.42E-03,4.02E-01,No,Yes,1,1,0,0,1,0,0,0
CHAD,No,58,3.50E-03,1.06E-01,No,Yes,1,1,0,0,0,0,0,1
PDIA2,No,63,3.66E-03,1.46E-01,No,Yes,1,1,0,0,0,0,0,1
CENPJ,No,26,3.75E-03,4.00E-02,No,Yes,1,1,0,1,0,0,0,0
USH2A,No,74,4.18E-03,1.87E-01,No,Yes,1,1,0,1,0,0,0,0
CASK,No,120,4.36E-03,3.19E-01,Yes,No,1,1,0,0,0,0,0,1
SMAD3,Yes,229,4.65E-03,7.27E-01,No,Yes,1,1,1,0,0,0,0,0
PLK4,No,92,4.69E-03,2.02E-01,No,Yes,1,1,0,1,0,0,0,0
DDX3X,No,115,5.11E-03,2.74E-01,Yes,No,1,1,0,1,0,0,0,0
PAX6,Yes,223,5.14E-03,6.99E-01,No,Yes,1,1,0,1,0,0,0,0
FN1,No,91,5.60E-03,2.25E-01,No,Yes,1,1,0,0,0,0,0,1
ANK3,No,148,5.70E-03,3.80E-01,Yes,Yes,1,1,0,1,0,0,0,0
ACTA1,Yes,205,8.15E-03,5.20E-01,No,Yes,1,1,0,0,1,0,0,0
JUN,Yes,226,8.48E-03,6.31E-01,No,Yes,1,1,0,0,0,0,0,1
CSNK2A2,No,158,9.42E-03,4.28E-01,No,Yes,1,1,0,0,1,0,0,0
RHOA,Yes,290,1.03E-02,7.78E-01,No,Yes,1,1,0,0,0,0,0,1
PPP3CA,Yes,203,1.14E-02,5.38E-01,No,Yes,1,1,0,1,0,0,0,0
CDC42,Yes,306,1.31E-02,7.97E-01,No,Yes,1,1,0,0,1,0,0,0
CDKN2A,Yes,270,1.48E-02,7.20E-01,No,Yes,1,1,0,0,1,0,0,0
GSK3B,Yes,345,1.90E-02,8.71E-01,No,Yes,1,1,0,0,1,0,0,0
PLXDC1,No,'-,'-,'-,Yes,No,1,1,0,1,0,0,0,0
DNAH8,No,'-,'-,'-,Yes,No,1,1,0,1,0,0,0,0
APC2,No,'-,'-,'-,No,Yes,1,1,0,0,1,0,0,0
HDGFL2,No,'-,'-,'-,No,Yes,1,1,0,0,0,0,0,1
CSNK2A1,No,'-,'-,'-,No,Yes,1,1,0,0,1,0,0,0
H19,No,'-,'-,'-,Yes,No,1,1,0,0,0,0,0,1
ASPA,No,'-,'-,'-,Yes,No,1,1,0,0,0,0,0,1
TCEAL3,No,'-,'-,'-,No,Yes,1,1,0,0,1,0,0,0
FGF2,No,'-,'-,'-,No,Yes,1,1,0,0,1,0,0,0
CDH1,No,'-,'-,'-,No,Yes,1,1,0,0,1,0,0,0
CD80,No,'-,'-,'-,No,Yes,1,1,0,1,0,0,0,0
SDHC,No,'-,'-,'-,No,Yes,1,1,0,0,1,0,0,0
SPATA18,No,'-,'-,'-,No,Yes,1,1,0,1,0,0,0,0
AHDC1,No,'-,'-,'-,No,Yes,1,1,0,0,0,0,0,1
TAZ,No,'-,'-,'-,Yes,No,1,1,0,1,0,0,0,0
LOC100287329,No,'-,'-,'-,No,Yes,1,1,1,0,0,0,0,0
CLASP2,No,'-,'-,'-,No,Yes,1,1,0,1,0,0,0,0
ATR,No,'-,'-,'-,No,Yes,1,1,0,0,0,0,0,1
ALMS1,No,'-,'-,'-,No,Yes,1,1,0,1,0,0,0,0
SP1,No,'-,'-,'-,No,Yes,1,1,0,0,1,0,0,0
CAPS,No,'-,'-,'-,No,Yes,1,1,0,1,0,0,0,0
FRG1BP,No,'-,'-,'-,No,Yes,1,1,0,0,1,0,0,0
SOD2,No,'-,'-,'-,No,Yes,1,1,1,0,0,0,0,0
LINC00315,No,'-,'-,'-,Yes,No,1,1,1,0,0,0,0,0
RFC1,No,'-,'-,'-,No,Yes,1,1,0,0,0,0,0,1
HTT,No,'-,'-,'-,No,Yes,1,1,0,1,0,0,0,0
SAC3D1,No,'-,'-,'-,No,Yes,1,1,0,1,0,0,0,0
EPO,No,'-,'-,'-,No,Yes,1,1,0,0,1,0,0,0
RP1,No,'-,'-,'-,No,Yes,1,1,0,1,0,0,0,0
MYC,No,'-,'-,'-,No,Yes,1,1,0,0,1,0,0,0
DNAI1,No,'-,'-,'-,Yes,No,1,1,0,1,0,0,0,0
CCK,No,'-,'-,'-,No,Yes,1,1,0,0,1,0,0,0
CCDC91,No,'-,'-,'-,No,Yes,1,1,0,1,0,0,0,0
MNS1,No,'-,'-,'-,No,Yes,1,1,0,1,0,0,0,0
NOS2,No,'-,'-,'-,No,Yes,1,1,0,0,1,0,0,0
GJC1,No,'-,'-,'-,No,Yes,1,1,0,1,0,0,0,0
KCNQ1OT1,No,'-,'-,'-,Yes,No,1,1,0,0,0,0,0,1
TRDN,No,'-,'-,'-,No,Yes,1,1,0,0,1,0,0,0
CHD5,No,'-,'-,'-,No,Yes,1,1,0,0,0,0,0,1
AMY1A,No,'-,'-,'-,No,Yes,1,1,0,0,1,0,0,0
AUTS2,No,'-,'-,'-,Yes,No,1,1,0,0,1,0,0,0
LRP1,No,'-,'-,'-,No,Yes,1,1,0,0,1,0,0,0
TSHR,No,'-,'-,'-,No,Yes,1,1,0,1,0,0,0,0
AARSD1,No,'-,'-,'-,No,Yes,1,1,0,0,1,0,0,0
IGHG4,No,'-,'-,'-,No,Yes,1,1,0,0,1,0,0,0
LTBP2,No,'-,'-,'-,Yes,No,1,1,0,1,0,0,0,0
SELENOW,No,'-,'-,'-,No,Yes,1,1,0,0,1,0,0,0
CAPZB,No,'-,'-,'-,No,Yes,1,1,0,0,1,0,0,0
AIP,No,'-,'-,'-,No,Yes,1,1,0,0,0,0,0,1
MALAT1,No,'-,'-,'-,No,Yes,1,1,1,0,0,0,0,0
SPACA6P-AS,No,'-,'-,'-,No,Yes,1,1,0,1,0,0,0,0
SMR3A,No,'-,'-,'-,No,Yes,1,1,0,0,1,0,0,0
PTPRC,No,'-,'-,'-,No,Yes,1,1,0,0,1,0,0,0
CTH,No,'-,'-,'-,No,Yes,1,1,1,0,0,0,0,0
POR,No,'-,'-,'-,No,Yes,1,1,0,0,0,0,0,1
FMR1,No,'-,'-,'-,No,Yes,1,1,0,1,0,0,0,0
HSD17B7,No,'-,'-,'-,No,Yes,1,1,0,0,0,0,0,1
TPM1-AS,No,'-,'-,'-,No,Yes,1,1,0,1,0,0,0,0
TYMP,No,'-,'-,'-,No,Yes,1,1,0,0,1,0,0,0
TTLL4,No,'-,'-,'-,Yes,No,1,1,0,1,0,0,0,0
WT1,No,'-,'-,'-,No,Yes,1,1,0,0,0,0,0,1
TTC21B-AS1,No,'-,'-,'-,Yes,No,1,1,0,1,0,0,0,0
DSP,No,'-,'-,'-,No,Yes,1,1,0,1,0,0,0,0
SRY,No,'-,'-,'-,No,Yes,1,1,0,0,1,0,0,0
PAK2,No,'-,'-,'-,No,Yes,1,1,0,0,1,0,0,0
TCF3,No,'-,'-,'-,No,Yes,1,1,0,0,1,0,0,0
NOS1,No,'-,'-,'-,No,Yes,1,1,0,1,0,0,0,0
ANO2,No,'-,'-,'-,No,Yes,1,1,0,1,0,0,0,0
CTNS,No,'-,'-,'-,Yes,No,1,1,0,0,0,0,0,1
SPCS1,No,'-,'-,'-,No,Yes,1,1,0,0,1,0,0,0
SLFN14,No,'-,'-,'-,No,Yes,1,1,0,1,0,0,0,0
MICALCL,No,'-,'-,'-,No,Yes,1,1,0,1,0,0,0,0
MSMB,No,'-,'-,'-,No,Yes,1,1,0,0,1,0,0,0
SH3BGR,No,'-,'-,'-,Yes,No,1,1,0,0,0,0,0,1
TTLL5,No,'-,'-,'-,No,Yes,1,1,0,1,0,0,0,0
MGLL,No,'-,'-,'-,No,Yes,1,1,0,0,1,0,0,0
TCF4,No,'-,'-,'-,No,Yes,1,1,0,0,1,0,0,0
S100A13,No,'-,'-,'-,No,Yes,1,1,0,0,1,0,0,0
MEG3,No,'-,'-,'-,No,Yes,1,1,0,0,0,0,0,1
SMPX,No,'-,'-,'-,No,Yes,1,1,0,0,1,0,0,0
PIGF,No,'-,'-,'-,No,Yes,1,1,0,1,0,0,0,0
STRC,No,'-,'-,'-,No,Yes,1,1,0,1,0,0,0,0
